alt           press         den           temp          eddy          H2Oaer        CO2aer        S8aer         H2SO4aer      NH3aer        N2Oaer        C2H2aer       C2H4aer       C2H6aer       CH3CNaer      HCCCNaer      HCNaer        CH4aer        HCaer1        HCaer2        HCaer3        He            H             H2            H2O           OH            O             O2            CO            CO2           HCO           H2CO          C             CH            CH2           CH3           CH4           S             S2            S3            S4            S8            H2S           HS            SO            SO2           CS            CS2           OCS           CN            HCN           N             N2            NH            NH2           NH3           C2            C2H           C2H2          C2H4          NO            HNO           HO2           HNCO          N2O           H2O2          O3            NO2           NO3           SO3           HNO2          HNO3          H2SO4         HCl           Cl            Cl2           HOCl          N2H4          ClO           C2H6          CH3OH         CH2CO         CH3CHO        C3H4          C3H6          C4H2          C4H4          OClO          HCS           C2H3          C2H5          NCO           1CH2          HCCO          NNH           HSO           CH3O          H2COH         H2CN          N2H2          C4H           HCNOH         C2H2OH        CH3CO         CH2CHO        C2H3OH        C2H4OH        CH3O2         HSO3          N2H3          NH2CO         HS4           C4H3          CH2N2         CH2CN         CH3CN         HCCCN         O1D           N2D           H2Oaer_r      CO2aer_r      S8aer_r       H2SO4aer_r    NH3aer_r      N2Oaer_r      C2H2aer_r     C2H4aer_r     C2H6aer_r     CH3CNaer_r    HCCCNaer_r    HCNaer_r      CH4aer_r      HCaer1_r      HCaer2_r      HCaer3_r      
5.00000E-001  9.83686E-001  2.49370E+019  2.85712E+002  1.00000E+005  6.73075E-004  1.00000E-040  1.00000E-040  7.27120E-031  1.00000E-040  1.00000E-040  1.00000E-040  1.00000E-040  1.00000E-040  1.00000E-040  1.00000E-040  1.00000E-040  1.00000E-040  1.00000E-040  6.39442E-033  1.00000E-040  1.00831E-040  4.74087E-022  1.25215E-006  7.43086E-003  1.43750E-014  2.52225E-017  1.99264E-001  3.04940E-008  3.65970E-004  6.62043E-024  1.86474E-011  1.00000E-040  1.00000E-040  4.64569E-034  2.14113E-020  1.38149E-006  9.75634E-027  1.00000E-040  3.36596E-029  1.00000E-040  6.62090E-035  2.52594E-012  5.28559E-018  1.07214E-019  1.93735E-011  1.00000E-040  1.00000E-040  5.41025E-010  1.88038E-040  2.89681E-016  8.01201E-039  7.92936E-001  1.71830E-030  7.47850E-027  6.44449E-021  1.00000E-040  1.00000E-040  8.88649E-030  3.18202E-025  5.81432E-017  1.74642E-017  6.11598E-012  1.45862E-018  3.15141E-007  5.03178E-010  9.69501E-009  2.99128E-014  1.30144E-015  3.30094E-020  3.78957E-015  3.79832E-012  3.47026E-012  1.93013E-010  3.42205E-017  2.33324E-018  8.28519E-013  1.33935E-038  2.94525E-010  1.36801E-023  4.32518E-017  1.68653E-025  4.23885E-026  1.00000E-040  1.66415E-038  1.00000E-040  1.00000E-040  4.79106E-011  1.00000E-040  1.00000E-040  7.13549E-026  4.42937E-024  1.30818E-035  3.42115E-040  3.00004E-033  2.11925E-018  7.44327E-020  6.40481E-015  2.64298E-029  1.07133E-036  1.00000E-040  7.91061E-025  1.00000E-040  5.72738E-026  4.89620E-031  4.19680E-022  5.56189E-026  1.24562E-008  4.11754E-024  5.89837E-039  8.12702E-019  1.00000E-040  1.00000E-040  3.36087E-024  1.29918E-037  8.98825E-027  2.08811E-039  6.25820E-023  1.00000E-040  1.00000E-003  1.00000E-005  1.00000E-005  1.00000E-005  1.00000E-005  1.00000E-005  1.00000E-005  1.00000E-005  1.00000E-005  1.00000E-005  1.00000E-005  1.00000E-005  1.00000E-005  1.00000E-005  1.00000E-005  1.00000E-005  
1.50000E+000  8.70952E-001  2.25274E+019  2.80027E+002  1.00000E+005  8.16354E-004  1.00000E-040  1.00000E-040  4.57075E-028  1.00000E-040  1.00000E-040  1.00000E-040  1.00000E-040  1.00000E-040  1.00000E-040  1.00000E-040  1.00000E-040  1.00000E-040  1.00000E-040  3.40277E-033  1.00000E-040  1.00997E-040  5.93882E-022  1.25436E-006  5.80420E-003  1.83077E-014  3.34072E-017  1.99591E-001  3.04970E-008  3.66572E-004  9.34883E-024  2.11957E-011  1.00000E-040  1.00000E-040  6.45354E-034  2.45135E-020  1.38197E-006  1.64966E-026  1.03488E-027  2.93731E-030  1.42160E-029  6.63174E-035  3.03922E-012  7.22365E-018  2.07675E-019  4.02245E-011  1.00000E-040  1.00000E-040  5.41543E-010  1.51762E-040  2.92376E-016  8.26730E-039  7.94235E-001  1.10925E-030  6.69801E-027  6.44183E-021  1.00000E-040  1.00000E-040  8.68060E-030  3.10136E-025  8.86179E-017  1.82078E-017  6.63117E-012  2.92262E-018  3.15607E-007  5.60795E-010  1.07627E-008  3.88256E-014  1.72898E-015  4.12331E-020  4.62737E-015  4.96814E-012  6.76558E-012  1.90709E-010  3.61268E-017  1.91153E-018  7.77768E-013  1.07597E-038  3.05153E-010  1.37424E-023  4.09506E-017  2.02281E-025  4.68969E-026  1.00000E-040  1.63329E-038  1.00000E-040  1.00000E-040  4.46039E-011  1.00000E-040  1.00000E-040  6.82528E-026  1.58523E-023  1.70951E-035  4.57125E-040  2.44522E-033  4.39574E-018  1.08281E-019  6.88993E-015  2.34514E-029  1.07133E-036  1.00000E-040  1.53104E-024  1.00000E-040  8.53870E-026  4.73033E-031  4.20368E-022  6.54762E-026  1.22125E-008  1.12272E-023  5.19083E-039  8.21394E-019  1.00000E-040  1.00000E-040  3.58621E-024  1.27650E-037  8.99995E-027  2.10695E-039  8.75954E-023  1.00000E-040  1.00000E-003  1.00000E-005  1.00000E-005  1.00000E-005  1.00000E-005  1.00000E-005  1.00000E-005  1.00000E-005  1.00000E-005  1.00000E-005  1.00000E-005  1.00000E-005  1.00000E-005  1.00000E-005  1.00000E-005  1.00000E-005  
2.50000E+000  7.69113E-001  2.03658E+019  2.73530E+002  1.00000E+005  8.44504E-004  1.00000E-040  1.00000E-040  3.79546E-025  1.00000E-040  1.00000E-040  1.00000E-040  1.00000E-040  1.00000E-040  1.00000E-040  1.00000E-040  1.00000E-040  1.00000E-040  1.00000E-040  2.04642E-033  1.00000E-040  1.01157E-040  7.07781E-022  1.25669E-006  4.22304E-003  2.24043E-014  4.49935E-017  1.99908E-001  3.05792E-008  3.67157E-004  1.31244E-023  2.45963E-011  1.00000E-040  1.00000E-040  7.91889E-034  2.60055E-020  1.38252E-006  2.30627E-026  3.44752E-028  1.00000E-040  1.00000E-040  6.64227E-035  3.24912E-012  8.29992E-018  3.64299E-019  5.49761E-011  1.00000E-040  1.00000E-040  5.42032E-010  1.07823E-040  2.95389E-016  8.21321E-039  7.95498E-001  6.85985E-031  6.66916E-027  6.43410E-021  1.00000E-040  1.00000E-040  8.28373E-030  2.95346E-025  1.51470E-016  1.98535E-017  7.01416E-012  4.46814E-018  3.16054E-007  6.01637E-010  1.22843E-008  5.58580E-014  2.52580E-015  3.57433E-020  6.71449E-015  6.87969E-012  9.71813E-012  1.83284E-010  3.66214E-017  1.42782E-018  6.87230E-013  8.67060E-039  3.22404E-010  1.38438E-023  3.75711E-017  2.71967E-025  5.05794E-026  1.00000E-040  1.57818E-038  1.00000E-040  1.00000E-040  3.98056E-011  1.00000E-040  1.00000E-040  6.38570E-026  3.50839E-023  1.95010E-035  6.11341E-040  1.78053E-033  8.37557E-018  1.64403E-019  7.82706E-015  1.91518E-029  1.07049E-036  1.00000E-040  3.13448E-024  1.00000E-040  1.26958E-025  4.43560E-031  4.21036E-022  7.21372E-026  1.16896E-008  1.95146E-023  4.44170E-039  8.33350E-019  1.00000E-040  1.00000E-040  3.40925E-024  1.23137E-037  9.00047E-027  2.12735E-039  1.23194E-022  1.00000E-040  1.00000E-003  1.00000E-005  1.00000E-005  1.00000E-005  1.00000E-005  1.00000E-005  1.00000E-005  1.00000E-005  1.00000E-005  1.00000E-005  1.00000E-005  1.00000E-005  1.00000E-005  1.00000E-005  1.00000E-005  1.00000E-005  
3.50000E+000  6.77286E-001  1.83704E+019  2.67036E+002  1.00000E+005  7.92724E-004  1.00000E-040  1.00000E-040  3.34910E-022  1.00000E-040  1.00000E-040  1.00000E-040  1.00000E-040  1.00000E-040  1.00000E-040  1.00000E-040  1.00000E-040  1.00000E-040  1.00000E-040  1.24521E-033  1.00000E-040  1.01299E-040  8.17274E-022  1.25894E-006  2.82871E-003  2.61849E-014  6.18773E-017  2.00188E-001  3.07437E-008  3.67673E-004  1.85761E-023  2.94817E-011  1.00000E-040  1.00000E-040  8.79084E-034  2.61931E-020  1.38294E-006  2.81246E-026  3.30111E-028  2.63210E-035  1.00000E-040  6.65156E-035  3.25116E-012  8.40875E-018  5.82240E-019  6.42198E-011  1.00000E-040  1.00000E-040  5.42415E-010  1.00000E-040  2.98718E-016  8.09653E-039  7.96612E-001  4.34538E-031  6.92759E-027  6.42342E-021  1.00000E-040  1.00000E-040  7.74909E-030  2.76633E-025  2.76491E-016  2.26411E-017  7.36013E-012  6.10467E-018  3.16435E-007  6.36957E-010  1.42925E-008  8.40157E-014  3.78168E-015  2.99100E-020  1.08790E-014  9.77988E-012  1.20918E-011  1.72357E-010  3.50709E-017  9.55568E-019  5.71404E-013  7.43502E-039  3.43424E-010  1.39881E-023  3.38844E-017  3.86241E-025  5.08870E-026  1.00000E-040  1.50794E-038  1.00000E-040  1.00000E-040  3.46429E-011  1.00000E-040  1.00000E-040  5.92649E-026  5.01622E-023  2.00547E-035  8.21014E-040  1.22729E-033  1.46070E-017  2.57388E-019  9.24128E-015  1.48154E-029  1.07009E-036  1.00000E-040  6.28212E-024  1.00000E-040  1.82980E-025  4.06512E-031  4.21626E-022  7.32559E-026  1.08952E-008  2.77338E-023  3.92847E-039  8.47014E-019  1.00000E-040  1.00000E-040  2.92258E-024  1.16829E-037  8.98730E-027  2.14921E-039  1.74052E-022  1.00000E-040  1.00000E-003  1.00000E-005  1.00000E-005  1.00000E-005  1.00000E-005  1.00000E-005  1.00000E-005  1.00000E-005  1.00000E-005  1.00000E-005  1.00000E-005  1.00000E-005  1.00000E-005  1.00000E-005  1.00000E-005  1.00000E-005  
4.50000E+000  5.94797E-001  1.65350E+019  2.60544E+002  1.00000E+005  5.97595E-004  1.00000E-040  1.00000E-040  2.91060E-019  1.00000E-040  1.00000E-040  1.00000E-040  1.00000E-040  1.00000E-040  1.00000E-040  1.00000E-040  1.00000E-040  1.00000E-040  1.00000E-040  8.31342E-034  1.00000E-040  1.01402E-040  9.59591E-022  1.26085E-006  1.82045E-003  3.06642E-014  8.61344E-017  2.00391E-001  3.09786E-008  3.68046E-004  2.67500E-023  3.60791E-011  1.00000E-040  1.00000E-040  9.70181E-034  2.62503E-020  1.38293E-006  3.21617E-026  4.40396E-028  7.10700E-031  1.00000E-040  6.65826E-035  3.09079E-012  8.05403E-018  9.02352E-019  6.85049E-011  1.00000E-040  1.00000E-040  5.42581E-010  1.00000E-040  3.02351E-016  8.27197E-039  7.97418E-001  2.80419E-031  7.40746E-027  6.40968E-021  1.00000E-040  1.00000E-040  7.13060E-030  2.56253E-025  5.22006E-016  2.68772E-017  7.81876E-012  7.84709E-018  3.16686E-007  6.94818E-010  1.68028E-008  1.27478E-013  5.77089E-015  2.67436E-020  1.86529E-014  1.43460E-011  1.38053E-011  1.59327E-010  3.25838E-017  6.12525E-019  4.66746E-013  6.76097E-039  3.66229E-010  1.41825E-023  3.02559E-017  5.65987E-025  4.89031E-026  1.00000E-040  1.42866E-038  1.00000E-040  1.00000E-040  2.95476E-011  1.00000E-040  1.00000E-040  5.48508E-026  5.29047E-023  2.04262E-035  1.10191E-039  8.40776E-034  2.48216E-017  4.11265E-019  1.09591E-014  1.10206E-029  1.07106E-036  1.00000E-040  1.29564E-023  1.00000E-040  2.68219E-025  3.65861E-031  4.22052E-022  7.06309E-026  9.85855E-009  3.61367E-023  3.65726E-039  8.61925E-019  1.00000E-040  1.00000E-040  2.45978E-024  1.09206E-037  8.96411E-027  2.17233E-039  2.45377E-022  1.00000E-040  1.00000E-003  1.00000E-005  1.00000E-005  1.00000E-005  1.00000E-005  1.00000E-005  1.00000E-005  1.00000E-005  1.00000E-005  1.00000E-005  1.00000E-005  1.00000E-005  1.00000E-005  1.00000E-005  1.00000E-005  1.00000E-005  
5.50000E+000  5.20827E-001  1.48486E+019  2.54054E+002  1.00000E+005  4.23111E-004  1.00000E-040  1.00000E-040  2.16124E-016  1.00000E-040  1.00000E-040  1.00000E-040  1.00000E-040  1.00000E-040  1.00000E-040  1.00000E-040  1.00000E-040  1.00000E-040  1.00000E-040  5.88529E-034  1.00000E-040  1.01471E-040  1.16122E-021  1.26244E-006  1.13786E-003  3.64757E-014  1.20584E-016  2.00528E-001  3.12713E-008  3.68300E-004  3.88059E-023  4.43586E-011  1.00000E-040  1.00000E-040  1.09357E-033  2.65292E-020  1.38255E-006  3.53346E-026  2.21186E-028  1.82533E-035  1.00000E-040  6.66279E-035  2.79783E-012  7.45822E-018  1.37899E-018  6.84132E-011  1.00000E-040  1.00000E-040  5.42558E-010  1.00000E-040  3.06349E-016  8.82681E-039  7.97963E-001  1.83101E-031  8.13462E-027  6.39283E-021  1.00000E-040  1.00000E-040  6.47536E-030  2.35747E-025  9.94655E-016  3.30119E-017  8.42340E-012  9.71389E-018  3.16827E-007  7.76003E-010  1.98254E-008  1.89429E-013  8.76775E-015  2.88249E-020  3.29800E-014  2.09771E-011  1.44313E-011  1.45367E-010  2.98060E-017  3.87948E-019  3.81024E-013  6.43606E-039  3.89393E-010  1.44392E-023  2.68718E-017  8.47618E-025  4.60163E-026  1.00000E-040  1.34443E-038  1.00000E-040  1.00000E-040  2.47632E-011  1.00000E-040  1.00000E-040  5.07419E-026  4.79442E-023  2.11620E-035  1.47365E-039  5.78826E-034  4.18044E-017  6.61737E-019  1.28089E-014  7.94522E-030  1.07428E-036  1.00000E-040  2.79346E-023  1.00000E-040  4.05635E-025  3.24509E-031  4.22341E-022  6.61602E-026  8.62248E-009  4.48681E-023  3.56557E-039  8.78191E-019  1.00000E-040  1.00000E-040  2.09086E-024  1.00726E-037  8.93622E-027  2.19712E-039  3.43855E-022  1.00000E-040  1.00000E-003  1.00000E-005  1.00000E-005  1.00000E-005  1.00000E-005  1.00000E-005  1.00000E-005  1.00000E-005  1.00000E-005  1.00000E-005  1.00000E-005  1.00000E-005  1.00000E-005  1.00000E-005  1.00000E-005  1.00000E-005  
6.50000E+000  4.54610E-001  1.33004E+019  2.47565E+002  1.00000E+005  2.89379E-004  1.00000E-040  1.00000E-040  1.24008E-013  1.00000E-040  1.00000E-040  1.00000E-040  1.00000E-040  1.00000E-040  1.00000E-040  1.00000E-040  1.00000E-040  1.00000E-040  1.00000E-040  4.50832E-034  1.00000E-040  1.01517E-040  1.44995E-021  1.26380E-006  6.91368E-004  4.41759E-014  1.69032E-016  2.00617E-001  3.16024E-008  3.68467E-004  5.61425E-023  5.41441E-011  1.00000E-040  1.00000E-040  1.26437E-033  2.70953E-020  1.38191E-006  3.74575E-026  1.64745E-028  1.00000E-040  1.00000E-040  6.66575E-035  2.40057E-012  6.69650E-018  2.07636E-018  6.46316E-011  1.00000E-040  1.00000E-040  5.42392E-010  1.00000E-040  3.10791E-016  9.80453E-039  7.98320E-001  1.20167E-031  9.12177E-027  6.37285E-021  1.00000E-040  1.00000E-040  5.82204E-030  2.16118E-025  1.89995E-015  4.17116E-017  9.16321E-012  1.17266E-017  3.16884E-007  8.76214E-010  2.33642E-008  2.71794E-013  1.31132E-014  3.95203E-020  5.96653E-014  2.99261E-011  1.30946E-011  1.31409E-010  2.71189E-017  2.46547E-019  3.12717E-013  6.31128E-039  4.11817E-010  1.47724E-023  2.38303E-017  1.28779E-024  4.30865E-026  1.00000E-040  1.25809E-038  1.00000E-040  1.00000E-040  2.04705E-011  1.00000E-040  1.00000E-040  4.69794E-026  4.15251E-023  2.23901E-035  1.96208E-039  4.00179E-034  6.97500E-017  1.06035E-018  1.46517E-014  5.57747E-030  1.08037E-036  1.00000E-040  6.32528E-023  1.00000E-040  6.34564E-025  2.84567E-031  4.22529E-022  6.11273E-026  7.23997E-009  5.37675E-023  3.59047E-039  8.96073E-019  1.00000E-040  1.00000E-040  1.80238E-024  9.18003E-038  8.90665E-027  2.22409E-039  4.77844E-022  1.00000E-040  1.00000E-003  1.00000E-005  1.00000E-005  1.00000E-005  1.00000E-005  1.00000E-005  1.00000E-005  1.00000E-005  1.00000E-005  1.00000E-005  1.00000E-005  1.00000E-005  1.00000E-005  1.00000E-005  1.00000E-005  1.00000E-005  
7.50000E+000  3.95459E-001  1.18811E+019  2.41079E+002  1.00000E+005  1.90422E-004  1.00000E-040  1.00000E-040  4.92068E-011  1.00000E-040  1.00000E-040  1.00000E-040  1.00000E-040  1.00000E-040  1.00000E-040  1.00000E-040  1.00000E-040  1.00000E-040  1.00000E-040  1.37570E-033  1.00000E-040  1.01545E-040  1.86038E-021  1.26497E-006  4.07804E-004  5.43230E-014  2.36576E-016  2.00674E-001  3.19443E-008  3.68574E-004  8.07043E-023  6.53704E-011  1.00000E-040  1.00000E-040  1.49018E-033  2.78788E-020  1.38108E-006  3.80171E-026  1.17232E-028  1.00000E-040  1.00000E-040  6.66761E-035  1.93267E-012  5.77830E-018  3.04688E-018  5.80194E-011  1.00000E-040  1.00000E-040  5.42119E-010  1.00000E-040  3.15764E-016  1.12503E-038  7.98546E-001  7.87833E-032  1.03575E-026  6.34965E-021  1.00000E-040  1.00000E-040  5.20302E-030  1.98085E-025  3.68002E-015  5.39623E-017  1.00146E-011  1.39100E-017  3.16880E-007  9.90554E-010  2.74132E-008  3.76761E-013  1.92636E-014  6.42189E-020  1.10514E-013  4.13299E-011  8.45377E-012  1.18180E-010  2.47574E-017  1.59085E-019  2.59007E-013  6.27369E-039  4.32639E-010  1.51988E-023  2.11839E-017  1.96490E-024  4.05067E-026  1.00000E-040  1.17188E-038  1.00000E-040  1.00000E-040  1.68137E-011  1.00000E-040  1.00000E-040  4.35768E-026  3.60132E-023  2.40342E-035  2.60441E-039  2.76100E-034  1.14106E-016  1.68576E-018  1.63996E-014  3.83026E-030  1.08978E-036  1.00000E-040  1.50454E-022  1.00000E-040  1.02322E-024  2.47640E-031  4.22649E-022  5.62914E-026  5.77543E-009  6.22966E-023  3.67624E-039  9.15882E-019  1.00000E-040  1.00000E-040  1.56441E-024  8.28081E-038  8.87680E-027  2.25376E-039  6.57625E-022  1.00000E-040  1.00000E-003  1.00000E-005  1.00000E-005  1.00000E-005  1.00000E-005  1.00000E-005  1.00000E-005  1.00000E-005  1.00000E-005  1.00000E-005  1.00000E-005  1.00000E-005  1.00000E-005  1.00000E-005  1.00000E-005  1.00000E-005  
8.50000E+000  3.42747E-001  1.05821E+019  2.34594E+002  9.95139E+004  1.19458E-004  1.00000E-040  1.00000E-040  1.12931E-010  1.00000E-040  1.00000E-040  1.00000E-040  1.00000E-040  1.00000E-040  1.00000E-040  1.00000E-040  1.00000E-040  1.00000E-040  1.00000E-040  2.50047E-031  1.00000E-040  1.01563E-040  2.43889E-021  1.26595E-006  2.33428E-004  6.74133E-014  3.30114E-016  2.00709E-001  3.22610E-008  3.68640E-004  1.16167E-022  7.87842E-011  1.00000E-040  1.00000E-040  1.76691E-033  2.87037E-020  1.38013E-006  3.63100E-026  4.13085E-029  1.00000E-040  1.00000E-040  6.66874E-035  1.43771E-012  4.70567E-018  4.27635E-018  4.96639E-011  1.00000E-040  1.00000E-040  5.41762E-010  1.00000E-040  3.21377E-016  1.32080E-038  7.98686E-001  5.13394E-032  1.17712E-026  6.32297E-021  1.00000E-040  1.00000E-040  4.64536E-030  1.82330E-025  7.46014E-015  7.12654E-017  1.09734E-011  1.62990E-017  3.16829E-007  1.11439E-009  3.19641E-008  5.12112E-013  2.77333E-014  1.12211E-019  2.10550E-013  5.52787E-011  4.32460E-012  1.06221E-010  2.28480E-017  1.05527E-019  2.17695E-013  6.22410E-039  4.51224E-010  1.57390E-023  1.89598E-017  2.96067E-024  3.84214E-026  1.00000E-040  1.08771E-038  1.00000E-040  1.00000E-040  1.38973E-011  1.00000E-040  1.00000E-040  4.05574E-026  3.12656E-023  2.58212E-035  3.46041E-039  1.88568E-034  1.79780E-016  2.68275E-018  1.80460E-014  2.59616E-030  1.10290E-036  1.00000E-040  3.75163E-022  1.00000E-040  1.68211E-024  2.14975E-031  4.22723E-022  5.21112E-026  4.30445E-009  6.96105E-023  3.77261E-039  9.38018E-019  1.00000E-040  1.00000E-040  1.34797E-024  7.40950E-038  8.84725E-027  2.28680E-039  8.95945E-022  1.00000E-040  1.00000E-003  1.00000E-005  1.00000E-005  1.00000E-005  1.00000E-005  1.00000E-005  1.00000E-005  1.00000E-005  1.00000E-005  1.00000E-005  1.00000E-005  1.00000E-005  1.00000E-005  1.00000E-005  1.00000E-005  1.00000E-005  
9.50000E+000  2.95905E-001  9.39551E+018  2.28112E+002  9.26422E+004  6.88504E-005  1.00000E-040  1.00000E-040  5.19018E-010  1.00000E-040  1.00000E-040  1.00000E-040  1.00000E-040  1.00000E-040  1.00000E-040  1.00000E-040  1.00000E-040  1.00000E-040  1.00000E-040  3.63361E-029  1.00000E-040  1.01574E-040  3.25645E-021  1.26676E-006  1.30408E-004  8.36695E-014  4.60942E-016  2.00730E-001  3.25078E-008  3.68680E-004  1.72214E-022  9.77664E-011  1.00000E-040  1.00000E-040  2.06797E-033  2.92865E-020  1.37903E-006  3.16412E-026  3.19340E-029  1.00000E-040  1.00000E-040  6.66939E-035  9.65834E-013  3.50402E-018  5.58352E-018  4.07098E-011  1.00000E-040  1.00000E-040  5.41319E-010  1.00000E-040  3.27970E-016  1.58146E-038  7.98768E-001  3.33850E-032  1.32289E-026  6.29138E-021  1.00000E-040  1.00000E-040  4.15860E-030  1.69524E-025  1.71726E-014  9.67029E-017  1.21285E-011  1.90248E-017  3.16737E-007  1.24435E-009  3.71599E-008  7.11806E-013  3.88695E-014  1.93693E-019  4.21231E-013  7.24149E-011  2.88886E-012  9.56192E-011  2.12920E-017  7.21674E-020  1.86519E-013  6.10849E-039  4.67586E-010  1.64417E-023  1.71222E-017  4.30696E-024  3.68605E-026  1.00000E-040  1.00490E-038  1.00000E-040  1.00000E-040  1.17329E-011  1.00000E-040  1.00000E-040  3.80064E-026  2.61519E-023  2.72309E-035  4.63792E-039  1.26765E-034  2.65715E-016  4.43001E-018  1.97535E-014  1.75661E-030  1.12079E-036  1.00000E-040  9.73523E-022  1.00000E-040  2.73077E-024  1.86930E-031  4.22766E-022  4.88584E-026  2.87930E-009  7.46695E-023  3.85673E-039  9.63792E-019  1.00000E-040  1.00000E-040  1.13094E-024  6.57388E-038  8.81722E-027  2.32517E-039  1.21365E-021  1.00000E-040  1.00000E-003  1.00000E-005  1.00000E-005  1.00000E-005  1.00000E-005  1.00000E-005  1.00000E-005  1.00000E-005  1.00000E-005  1.00000E-005  1.00000E-005  1.00000E-005  1.00000E-005  1.00000E-005  1.00000E-005  1.00000E-005  
1.05000E+001  2.54422E-001  8.30697E+018  2.21834E+002  6.26590E+004  3.00315E-005  1.00000E-040  1.00000E-040  1.37798E-008  1.00000E-040  1.00000E-040  1.00000E-040  1.00000E-040  1.00000E-040  1.00000E-040  1.00000E-040  1.00000E-040  1.00000E-040  1.00000E-040  1.71405E-027  1.00000E-040  1.01580E-040  4.43433E-021  1.26737E-006  7.33429E-005  1.01666E-013  6.63416E-016  2.00741E-001  3.25914E-008  3.68704E-004  2.77734E-022  1.33042E-010  1.00000E-040  1.00000E-040  2.31823E-033  2.92811E-020  1.37753E-006  2.34887E-026  2.82036E-029  1.00000E-040  1.00000E-040  6.66972E-035  5.67532E-013  2.22442E-018  6.39146E-018  3.16646E-011  1.00000E-040  1.00000E-040  5.40674E-010  1.00000E-040  3.37400E-016  2.01670E-038  7.98814E-001  2.33368E-032  1.46484E-026  6.24601E-021  1.00000E-040  1.00000E-040  3.69340E-030  1.60356E-025  6.24630E-014  1.42348E-016  1.39370E-011  2.28230E-017  3.16579E-007  1.36729E-009  4.41791E-008  1.15410E-012  5.14830E-014  3.02490E-019  9.80208E-013  9.68284E-011  2.82761E-012  8.50199E-011  1.91077E-017  4.76980E-020  1.60173E-013  6.06811E-039  4.83933E-010  1.75431E-023  1.54302E-017  5.96153E-024  3.58212E-026  1.00000E-040  9.09655E-039  1.00000E-040  1.00000E-040  1.01673E-011  1.00000E-040  1.00000E-040  3.62834E-026  1.87977E-023  2.74372E-035  6.37707E-039  8.53102E-035  3.46927E-016  8.53850E-018  2.21934E-014  1.16506E-030  1.14948E-036  1.00000E-040  2.49019E-021  1.00000E-040  3.99553E-024  1.61043E-031  4.22790E-022  4.66363E-026  1.41165E-009  7.44060E-023  4.02437E-039  1.00037E-018  1.00000E-040  1.00000E-040  9.01672E-025  5.65869E-038  8.78025E-027  2.37956E-039  1.68026E-021  1.00000E-040  1.00000E-003  1.00000E-005  1.00000E-005  1.00000E-005  1.00000E-005  1.00000E-005  1.00000E-005  1.00000E-005  1.00000E-005  1.00000E-005  1.00000E-005  1.00000E-005  1.00000E-005  1.00000E-005  1.00000E-005  1.00000E-005  
1.15000E+001  2.17958E-001  7.26223E+018  2.17380E+002  2.54822E+004  6.75310E-006  1.00000E-040  1.00000E-040  6.96844E-009  1.00000E-040  1.00000E-040  1.00000E-040  1.00000E-040  1.00000E-040  1.00000E-040  1.00000E-040  1.00000E-040  1.00000E-040  1.00000E-040  1.72580E-027  1.00000E-040  1.01583E-040  6.01796E-021  1.26737E-006  4.85128E-005  1.36556E-013  1.09334E-015  2.00746E-001  3.17683E-008  3.68718E-004  2.97256E-022  1.14208E-010  1.00000E-040  1.00000E-040  3.55613E-033  3.55254E-020  1.37443E-006  1.40783E-026  1.04860E-029  1.00000E-040  1.00000E-040  6.66977E-035  2.50306E-013  1.13248E-018  5.74546E-018  2.12048E-011  1.00000E-040  1.00000E-040  5.39283E-010  1.00000E-040  3.57963E-016  3.90557E-038  7.98834E-001  2.47668E-032  1.97860E-026  6.14722E-021  1.00000E-040  1.00000E-040  3.12453E-030  1.61380E-025  1.94863E-012  2.66473E-016  1.30853E-011  3.09233E-017  3.16204E-007  1.21327E-009  5.78329E-008  1.78347E-012  3.71522E-014  3.97295E-019  3.39104E-012  1.47014E-010  3.91401E-012  7.04169E-011  1.65339E-017  3.34429E-020  1.52479E-013  7.60842E-039  5.06719E-010  2.01528E-023  1.33076E-017  7.80672E-024  3.79153E-026  1.00000E-040  7.52845E-039  1.00000E-040  1.00000E-040  9.25149E-012  1.00000E-040  1.25178E-040  3.78112E-026  1.13461E-023  3.88742E-035  9.29768E-039  6.56128E-035  3.47484E-016  9.35889E-018  2.58819E-014  6.91348E-031  1.21732E-036  1.00000E-040  5.70309E-021  1.00000E-040  5.09006E-024  1.31688E-031  4.22800E-022  4.66914E-026  4.63277E-011  6.90928E-023  5.08641E-039  1.07964E-018  1.00000E-040  1.00000E-040  9.64486E-025  4.27655E-038  8.71084E-027  2.49732E-039  2.58872E-021  1.00000E-040  1.00000E-003  1.00000E-005  1.00000E-005  1.00000E-005  1.00000E-005  1.00000E-005  1.00000E-005  1.00000E-005  1.00000E-005  1.00000E-005  1.00000E-005  1.00000E-005  1.00000E-005  1.00000E-005  1.00000E-005  1.00000E-005  
1.25000E+001  1.86381E-001  6.22749E+018  2.16773E+002  1.39148E+004  1.87095E-007  1.00000E-040  1.00000E-040  3.47629E-009  1.00000E-040  1.00000E-040  1.00000E-040  1.00000E-040  1.00000E-040  1.00000E-040  1.00000E-040  1.00000E-040  1.00000E-040  1.00000E-040  1.76270E-027  1.00000E-040  1.01584E-040  6.05581E-021  1.26503E-006  4.70728E-005  1.54369E-013  2.23704E-015  2.00746E-001  2.83991E-008  3.68728E-004  6.56630E-023  2.16528E-011  1.00000E-040  1.00000E-040  5.06361E-033  4.51233E-020  1.36737E-006  5.41474E-027  2.59516E-030  1.00000E-040  1.00000E-040  6.66949E-035  7.44425E-014  3.62756E-019  2.82918E-018  1.13161E-011  1.00000E-040  1.00000E-040  5.35976E-010  1.00000E-040  4.08695E-016  5.20354E-038  7.98835E-001  2.70785E-032  2.59637E-026  5.90828E-021  1.00000E-040  1.00000E-040  2.63637E-030  1.98813E-025  9.02200E-012  3.41056E-016  6.55696E-012  5.04770E-017  3.15266E-007  5.01493E-010  8.69336E-008  3.25590E-012  2.31639E-014  2.67349E-019  1.09873E-011  2.65546E-010  3.99379E-012  5.23988E-011  1.09308E-017  1.90059E-020  1.55753E-013  1.11237E-038  5.36581E-010  2.71333E-023  1.11760E-017  8.12946E-024  4.54850E-026  1.00000E-040  4.95548E-039  1.00000E-040  1.00000E-040  1.14423E-011  1.00000E-040  1.73259E-040  4.81868E-026  6.81714E-024  5.47430E-035  1.55417E-038  5.32924E-035  1.76823E-016  1.80582E-018  4.02277E-014  4.43620E-031  1.37372E-036  1.00000E-040  7.02500E-021  1.00000E-040  4.96315E-024  1.06366E-031  4.22799E-022  5.50708E-026  1.90047E-012  4.08952E-023  7.37387E-039  1.27398E-018  1.00000E-040  1.00000E-040  9.97891E-025  2.33097E-038  8.56661E-027  2.78599E-039  4.69231E-021  1.00000E-040  1.00000E-003  1.00000E-005  1.00000E-005  1.00000E-005  1.00000E-005  1.00000E-005  1.00000E-005  1.00000E-005  1.00000E-005  1.00000E-005  1.00000E-005  1.00000E-005  1.00000E-005  1.00000E-005  1.00000E-005  1.00000E-005  
1.35000E+001  1.59349E-001  5.32426E+018  2.16773E+002  7.37858E+003  1.00000E-040  1.00000E-040  1.00000E-040  1.76355E-009  1.00000E-040  1.00000E-040  1.00000E-040  1.00000E-040  1.00000E-040  1.00000E-040  1.00000E-040  1.00000E-040  1.00000E-040  1.00000E-040  1.79914E-027  1.00000E-040  1.01587E-040  6.50456E-021  1.25962E-006  4.71062E-005  1.65703E-013  5.18148E-015  2.00746E-001  2.37944E-008  3.68744E-004  5.42824E-023  1.56917E-011  1.00000E-040  1.00000E-040  6.77569E-033  5.62479E-020  1.35314E-006  2.36100E-027  1.17544E-030  1.00000E-040  1.00000E-040  6.66887E-035  1.53075E-014  1.25412E-019  1.59824E-018  4.81227E-012  1.00000E-040  1.00000E-040  5.29037E-010  1.00000E-040  5.19416E-016  6.62220E-038  7.98835E-001  2.95685E-032  3.07607E-026  5.42007E-021  1.00000E-040  1.00000E-040  2.62357E-030  2.91317E-025  1.91178E-011  4.21128E-016  4.61812E-012  9.23185E-017  3.13230E-007  1.80930E-010  1.46148E-007  8.22698E-012  2.59424E-014  1.38276E-019  2.13056E-011  5.31117E-010  3.14985E-012  3.56328E-011  7.23554E-018  1.42045E-020  2.09113E-013  1.41643E-038  5.68250E-010  4.36262E-023  1.05614E-017  7.28289E-024  6.60386E-026  1.00000E-040  2.10661E-039  1.00000E-040  1.00000E-040  1.98132E-011  1.00000E-040  2.72513E-040  7.08876E-026  5.90465E-024  7.32521E-035  3.39810E-038  4.89393E-035  1.02714E-016  1.77280E-018  7.21143E-014  3.75646E-031  1.60411E-036  1.00000E-040  8.24842E-021  1.00000E-040  4.28471E-024  9.69801E-032  4.22796E-022  7.48995E-026  8.80343E-013  1.81054E-023  9.27630E-039  1.69578E-018  1.00000E-040  1.00000E-040  9.76561E-025  7.11171E-039  8.29995E-027  3.41254E-039  9.54192E-021  1.00000E-040  1.00000E-003  1.00000E-005  1.00000E-005  1.00000E-005  1.00000E-005  1.00000E-005  1.00000E-005  1.00000E-005  1.00000E-005  1.00000E-005  1.00000E-005  1.00000E-005  1.00000E-005  1.00000E-005  1.00000E-005  1.00000E-005  
1.45000E+001  1.36244E-001  4.55227E+018  2.16773E+002  5.45335E+003  1.00000E-040  1.00000E-040  1.00000E-040  1.14664E-009  1.00000E-040  1.00000E-040  1.00000E-040  1.00000E-040  1.00000E-040  1.00000E-040  1.00000E-040  1.00000E-040  1.00000E-040  1.00000E-040  1.83078E-027  1.00000E-040  1.01593E-040  8.16914E-021  1.24928E-006  4.71651E-005  2.16561E-013  1.22300E-014  2.00745E-001  1.86093E-008  3.68769E-004  7.15446E-023  1.66566E-011  1.00000E-040  1.00000E-040  1.33474E-032  8.47827E-020  1.32816E-006  2.16970E-027  1.00000E-040  1.00000E-040  1.00000E-040  6.66770E-035  1.99930E-015  7.59585E-020  1.59003E-018  1.59369E-012  1.00000E-040  1.00000E-040  5.16434E-010  1.00000E-040  7.27314E-016  8.74835E-038  7.98836E-001  2.67286E-032  3.80075E-026  4.61457E-021  1.00000E-040  1.00000E-040  3.37149E-030  4.61811E-025  3.01793E-011  4.45297E-016  4.73985E-012  1.69446E-016  3.09429E-007  1.15113E-010  2.50503E-007  1.78658E-011  4.48516E-014  6.74611E-020  3.05630E-011  1.04104E-009  1.85723E-012  2.23669E-011  6.43655E-018  1.78669E-020  3.50771E-013  1.59391E-038  5.98043E-010  7.77908E-023  1.27300E-017  6.47760E-024  1.17275E-025  1.00000E-040  4.60161E-040  1.00000E-040  1.00000E-040  3.51562E-011  1.00000E-040  5.64597E-040  1.12133E-025  7.80458E-024  1.44298E-034  9.78440E-038  5.25514E-035  1.06545E-016  2.28262E-018  1.07066E-013  3.53307E-031  1.78393E-036  1.00000E-040  1.29101E-020  1.00000E-040  3.73631E-024  1.09247E-031  4.22790E-022  1.07518E-025  7.17497E-013  7.56962E-024  1.01915E-038  2.48376E-018  1.00000E-040  1.00000E-040  1.40358E-024  1.15873E-039  7.86769E-027  4.58302E-039  1.98104E-020  1.00000E-040  1.00000E-003  1.00000E-005  1.00000E-005  1.00000E-005  1.00000E-005  1.00000E-005  1.00000E-005  1.00000E-005  1.00000E-005  1.00000E-005  1.00000E-005  1.00000E-005  1.00000E-005  1.00000E-005  1.00000E-005  1.00000E-005  
1.55000E+001  1.16495E-001  3.89240E+018  2.16773E+002  4.46176E+003  1.00000E-040  1.00000E-040  1.00000E-040  9.20110E-010  1.00000E-040  1.00000E-040  1.00000E-040  1.00000E-040  1.00000E-040  1.00000E-040  1.00000E-040  1.00000E-040  1.00000E-040  1.00000E-040  1.85816E-027  1.00000E-040  1.01600E-040  1.06284E-020  1.23346E-006  4.72493E-005  2.95783E-013  2.69114E-014  2.00744E-001  1.41939E-008  3.68801E-004  1.00140E-022  1.83607E-011  1.00000E-040  1.00000E-040  2.85019E-032  1.32554E-019  1.29286E-006  3.60947E-027  7.19191E-031  1.00000E-040  1.00000E-040  6.66595E-035  1.87923E-016  6.07204E-020  1.92245E-018  5.34343E-013  1.00000E-040  1.00000E-040  4.97995E-010  1.00000E-040  1.04193E-015  1.12109E-037  7.98837E-001  2.19240E-032  3.94397E-026  3.64307E-021  1.00000E-040  1.00000E-040  4.90309E-030  7.10971E-025  4.16640E-011  4.21474E-016  5.91416E-012  2.83521E-016  3.03719E-007  1.34221E-010  4.00368E-007  3.27977E-011  8.05677E-014  3.46300E-020  3.74573E-011  1.81141E-009  9.87763E-013  1.42978E-011  6.70569E-018  2.51510E-020  5.61133E-013  1.21093E-038  6.17638E-010  1.37874E-022  1.81136E-017  5.57091E-024  2.10312E-025  1.00000E-040  1.00000E-040  1.00000E-040  1.00000E-040  5.68451E-011  1.00000E-040  1.18719E-039  1.72136E-025  1.11635E-023  3.08131E-034  2.98309E-037  5.84610E-035  1.35976E-016  3.05140E-018  1.38700E-013  3.34365E-031  1.63914E-036  1.00000E-040  2.16244E-020  1.00000E-040  3.11367E-024  1.36687E-031  4.22781E-022  1.46590E-025  6.93795E-013  3.33381E-024  7.52195E-039  3.66876E-018  1.00000E-040  1.00000E-040  2.18913E-024  2.38529E-040  7.30740E-027  6.34325E-039  3.85038E-020  1.00000E-040  1.00000E-003  1.00000E-005  1.00000E-005  1.00000E-005  1.00000E-005  1.00000E-005  1.00000E-005  1.00000E-005  1.00000E-005  1.00000E-005  1.00000E-005  1.00000E-005  1.00000E-005  1.00000E-005  1.00000E-005  1.00000E-005  
1.65000E+001  9.96132E-002  3.32835E+018  2.16773E+002  3.99237E+003  1.00000E-040  1.00000E-040  1.00000E-040  8.41294E-010  1.00000E-040  1.00000E-040  1.00000E-040  1.00000E-040  1.00000E-040  1.00000E-040  1.00000E-040  1.00000E-040  1.00000E-040  1.00000E-040  1.88181E-027  1.00000E-040  1.01611E-040  1.37957E-020  1.21155E-006  4.73584E-005  3.93301E-013  5.54883E-014  2.00742E-001  1.10063E-008  3.68839E-004  1.34811E-022  1.96472E-011  1.00000E-040  1.00000E-040  5.72752E-032  2.00322E-019  1.24766E-006  8.40827E-027  1.00000E-040  1.00000E-040  1.00000E-040  6.66355E-035  1.57341E-017  5.12029E-020  2.30092E-018  2.77855E-013  1.00000E-040  1.00000E-040  4.73500E-010  1.00000E-040  1.47542E-015  1.49798E-037  7.98838E-001  1.86561E-032  3.26065E-026  2.67872E-021  1.00000E-040  1.00000E-040  7.16293E-030  1.04358E-024  5.58061E-011  3.84546E-016  7.62587E-012  4.36010E-016  2.95925E-007  1.80156E-010  5.99514E-007  5.52840E-011  1.31562E-013  2.66791E-020  4.39528E-011  2.85094E-009  6.02509E-013  9.74469E-012  7.27429E-018  3.36148E-020  8.17336E-013  5.97700E-039  6.22080E-010  2.40938E-022  2.67361E-017  4.65459E-024  3.63842E-025  1.00000E-040  1.00000E-040  1.00000E-040  1.00000E-040  8.59250E-011  1.00000E-040  2.31714E-039  2.51869E-025  1.49245E-023  6.19190E-034  8.50006E-037  6.48862E-035  1.71422E-016  3.94343E-018  1.68296E-013  3.10589E-031  1.17343E-036  1.00000E-040  3.48728E-020  1.00000E-040  2.48712E-024  1.67714E-031  4.22768E-022  1.84495E-025  6.68059E-013  2.20640E-024  3.56363E-039  5.28820E-018  1.00000E-040  1.00000E-040  3.21473E-024  1.09819E-040  6.65545E-027  8.74888E-039  7.05549E-020  1.00000E-040  1.00000E-003  1.00000E-005  1.00000E-005  1.00000E-005  1.00000E-005  1.00000E-005  1.00000E-005  1.00000E-005  1.00000E-005  1.00000E-005  1.00000E-005  1.00000E-005  1.00000E-005  1.00000E-005  1.00000E-005  1.00000E-005  
1.75000E+001  8.51823E-002  2.84617E+018  2.16773E+002  3.90533E+003  1.00000E-040  1.00000E-040  1.00000E-040  8.09013E-010  1.00000E-040  1.00000E-040  1.00000E-040  1.00000E-040  1.00000E-040  1.00000E-040  1.00000E-040  1.00000E-040  1.00000E-040  1.00000E-040  1.90220E-027  1.00000E-040  1.01625E-040  1.83414E-020  1.18393E-006  4.74880E-005  5.12765E-013  1.07995E-013  2.00740E-001  8.97090E-009  3.68880E-004  1.76059E-022  2.05466E-011  1.00000E-040  1.00000E-040  1.09960E-031  2.94984E-019  1.19477E-006  2.20808E-026  6.57179E-030  1.00000E-040  1.00000E-040  6.66056E-035  2.84539E-018  4.43574E-020  2.71941E-018  2.39906E-013  1.00000E-040  1.00000E-040  4.43753E-010  1.00000E-040  2.02276E-015  2.34309E-037  7.98840E-001  1.85041E-032  2.35004E-026  1.86269E-021  1.00000E-040  1.00000E-040  1.01500E-029  1.46937E-024  7.37466E-011  3.50218E-016  9.79513E-012  6.21262E-016  2.86203E-007  2.42707E-010  8.47035E-007  8.71771E-011  1.96410E-013  3.32597E-020  5.06371E-011  4.12195E-009  5.00251E-013  6.79595E-012  7.87248E-018  4.10061E-020  1.08798E-012  2.26915E-039  6.10162E-010  4.14628E-022  3.91475E-017  3.99115E-024  6.12395E-025  1.00000E-040  1.00000E-040  1.00000E-040  1.00000E-040  1.21048E-010  1.00000E-040  4.25358E-039  3.53581E-025  1.87766E-023  1.18874E-033  2.19210E-036  7.37695E-035  2.09302E-016  4.96592E-018  1.92103E-013  2.86216E-031  6.88329E-037  1.00000E-040  5.33889E-020  1.00000E-040  2.01207E-024  1.95344E-031  4.22753E-022  2.16678E-025  6.34906E-013  2.36531E-024  1.27799E-039  7.31215E-018  1.00000E-040  1.00000E-040  4.51108E-024  1.00000E-040  5.96655E-027  1.17555E-038  1.23006E-019  1.00000E-040  1.00000E-003  1.00000E-005  1.00000E-005  1.00000E-005  1.00000E-005  1.00000E-005  1.00000E-005  1.00000E-005  1.00000E-005  1.00000E-005  1.00000E-005  1.00000E-005  1.00000E-005  1.00000E-005  1.00000E-005  1.00000E-005  
1.85000E+001  7.28455E-002  2.43397E+018  2.16773E+002  3.96430E+003  1.00000E-040  1.00000E-040  1.00000E-040  7.88580E-010  1.00000E-040  1.00000E-040  1.00000E-040  1.00000E-040  1.00000E-040  1.00000E-040  1.00000E-040  1.00000E-040  1.00000E-040  1.00000E-040  1.91976E-027  1.00000E-040  1.01641E-040  2.52389E-020  1.15138E-006  4.76323E-005  6.63614E-013  2.00815E-013  2.00737E-001  7.74170E-009  3.68924E-004  2.26861E-022  2.12379E-011  1.00000E-040  1.00000E-040  2.06941E-031  4.28953E-019  1.13660E-006  5.75306E-026  1.27806E-029  1.00000E-040  1.00000E-040  6.65706E-035  1.80816E-018  3.94054E-020  3.25925E-018  2.57157E-013  1.00000E-040  1.00000E-040  4.09844E-010  1.00000E-040  2.67273E-015  4.64748E-037  7.98842E-001  2.31536E-032  1.58773E-026  1.24042E-021  1.00000E-040  1.00000E-040  1.40511E-029  2.01769E-024  9.63207E-011  3.21612E-016  1.24607E-011  8.31250E-016  2.74826E-007  3.21078E-010  1.14267E-006  1.30123E-010  2.74765E-013  5.07932E-020  5.74994E-011  5.57020E-009  5.21135E-013  4.34237E-012  8.35324E-018  4.54048E-020  1.33957E-012  7.56726E-040  5.85168E-010  7.06252E-022  5.69175E-017  3.64904E-024  1.01947E-024  1.00000E-040  1.00000E-040  1.00000E-040  1.00000E-040  1.58920E-010  1.00000E-040  7.55927E-039  4.84216E-025  2.27736E-023  2.23714E-033  5.20534E-036  8.68098E-035  2.49872E-016  6.17568E-018  2.07585E-013  2.63850E-031  3.53897E-037  1.00000E-040  7.81948E-020  1.00000E-040  1.71241E-024  2.19088E-031  4.22735E-022  2.43630E-025  6.02388E-013  3.10807E-024  3.96355E-040  9.68691E-018  1.00000E-040  1.00000E-040  6.20630E-024  1.00000E-040  5.28450E-027  1.52833E-038  2.06825E-019  1.00000E-040  1.00000E-003  1.00000E-005  1.00000E-005  1.00000E-005  1.00000E-005  1.00000E-005  1.00000E-005  1.00000E-005  1.00000E-005  1.00000E-005  1.00000E-005  1.00000E-005  1.00000E-005  1.00000E-005  1.00000E-005  1.00000E-005  
1.95000E+001  6.22992E-002  2.08129E+018  2.16804E+002  4.23154E+003  1.00000E-040  1.00000E-040  1.00000E-040  7.70021E-010  1.00000E-040  1.00000E-040  1.00000E-040  1.00000E-040  1.00000E-040  1.00000E-040  1.00000E-040  1.00000E-040  1.00000E-040  1.00000E-040  1.93514E-027  1.00000E-040  1.01658E-040  3.58551E-020  1.11478E-006  4.77865E-005  8.58920E-013  3.60959E-013  2.00735E-001  7.00558E-009  3.68968E-004  2.91871E-022  2.18699E-011  1.00000E-040  1.00000E-040  3.88726E-031  6.22266E-019  1.07525E-006  1.42466E-025  1.80665E-029  1.00000E-040  1.00000E-040  6.65312E-035  1.56075E-018  3.58002E-020  4.04930E-018  3.00434E-013  1.00000E-040  1.00000E-040  3.72872E-010  1.01238E-040  3.41263E-015  1.15719E-036  7.98845E-001  3.63262E-032  1.04393E-026  7.96001E-022  1.00000E-040  1.00000E-040  1.92956E-029  2.74050E-024  1.24572E-010  2.98422E-016  1.57216E-011  1.05781E-015  2.62093E-007  4.16709E-010  1.48794E-006  1.86148E-010  3.67147E-013  8.43790E-020  6.44756E-011  7.13794E-009  5.93534E-013  2.09094E-012  8.65706E-018  4.60710E-020  1.54652E-012  2.37319E-040  5.53296E-010  1.19591E-021  8.30855E-017  3.64309E-024  1.69707E-024  1.00000E-040  1.00000E-040  1.00000E-040  1.00000E-040  1.95791E-010  1.00000E-040  1.32934E-038  6.55971E-025  2.70607E-023  4.20463E-033  1.16745E-035  1.05782E-034  2.93016E-016  7.65195E-018  2.14623E-013  2.44225E-031  1.67200E-037  1.00000E-040  1.10132E-019  1.28806E-040  1.57019E-024  2.41958E-031  4.22714E-022  2.68094E-025  5.74971E-013  4.42435E-024  1.13978E-040  1.23544E-017  1.00000E-040  1.00000E-040  8.52683E-024  1.00000E-040  4.63726E-027  1.92460E-038  3.39603E-019  1.00000E-040  1.00000E-003  1.00000E-005  1.00000E-005  1.00000E-005  1.00000E-005  1.00000E-005  1.00000E-005  1.00000E-005  1.00000E-005  1.00000E-005  1.00000E-005  1.00000E-005  1.00000E-005  1.00000E-005  1.00000E-005  1.00000E-005  
2.05000E+001  5.32885E-002  1.77771E+018  2.17115E+002  4.71825E+003  1.00000E-040  1.00000E-040  1.00000E-040  7.50340E-010  1.00000E-040  1.00000E-040  1.00000E-040  1.00000E-040  1.00000E-040  1.00000E-040  1.00000E-040  1.00000E-040  1.00000E-040  1.00000E-040  1.95062E-027  1.00000E-040  1.01677E-040  5.26522E-020  1.07561E-006  4.79440E-005  1.11525E-012  6.33423E-013  2.00732E-001  6.57743E-009  3.69012E-004  3.80253E-022  2.26999E-011  1.00000E-040  1.00000E-040  7.47233E-031  9.17273E-019  1.01334E-006  3.32950E-025  3.13162E-029  1.00000E-040  1.00000E-040  6.64891E-035  1.40417E-018  3.34174E-020  5.28084E-018  3.75821E-013  1.00000E-040  1.00000E-040  3.34466E-010  1.69436E-040  4.21761E-015  3.31530E-036  7.98847E-001  6.67600E-032  6.87798E-027  4.96082E-022  1.00000E-040  1.00000E-040  2.66192E-029  3.70416E-024  1.59971E-010  2.80155E-016  1.97514E-011  1.29001E-015  2.48503E-007  5.31094E-010  1.87950E-006  2.58524E-010  4.75239E-013  1.55129E-019  7.13463E-011  8.74221E-009  7.12364E-013  7.21070E-013  8.78271E-018  4.31934E-020  1.68594E-012  1.00000E-040  5.21937E-010  2.00477E-021  1.23367E-016  4.06056E-024  2.83201E-024  1.00000E-040  1.00000E-040  1.00000E-040  1.00000E-040  2.28315E-010  1.00000E-040  2.34041E-038  8.83587E-025  3.18720E-023  8.12830E-033  2.53143E-035  1.36862E-034  3.32819E-016  9.52108E-018  2.14355E-013  2.31336E-031  7.56904E-038  1.00000E-040  1.44560E-019  2.27417E-040  1.58787E-024  2.67865E-031  4.22693E-022  2.91527E-025  5.58761E-013  6.69273E-024  1.00000E-040  1.52151E-017  1.00000E-040  1.00000E-040  1.20231E-023  1.00000E-040  4.04909E-027  2.34960E-038  5.48597E-019  1.00000E-040  1.00000E-003  1.00000E-005  1.00000E-005  1.00000E-005  1.00000E-005  1.00000E-005  1.00000E-005  1.00000E-005  1.00000E-005  1.00000E-005  1.00000E-005  1.00000E-005  1.00000E-005  1.00000E-005  1.00000E-005  1.00000E-005  
2.15000E+001  4.56024E-002  1.51502E+018  2.18015E+002  5.27478E+003  1.00000E-040  1.00000E-040  1.00000E-040  7.28025E-010  1.00000E-040  1.00000E-040  1.00000E-040  1.00000E-040  1.00000E-040  1.00000E-040  1.00000E-040  1.00000E-040  1.00000E-040  1.00000E-040  1.96891E-027  1.00000E-040  1.01697E-040  8.01279E-020  1.03472E-006  4.81017E-005  1.45416E-012  1.09878E-012  2.00728E-001  6.34203E-009  3.69054E-004  5.07684E-022  2.40023E-011  1.00000E-040  1.00000E-040  1.50448E-030  1.39898E-018  9.52105E-007  7.35066E-025  5.26634E-029  1.00000E-040  1.00000E-040  6.64449E-035  1.29323E-018  3.20497E-020  7.21363E-018  4.99790E-013  1.00000E-040  1.00000E-040  2.95584E-010  3.00071E-040  5.07529E-015  1.01412E-035  7.98850E-001  1.35718E-031  4.68136E-027  2.99291E-022  1.00000E-040  1.00000E-040  3.72795E-029  5.01094E-024  2.04774E-010  2.65309E-016  2.48824E-011  1.52194E-015  2.34333E-007  6.68220E-010  2.31846E-006  3.54647E-010  6.06891E-013  3.25890E-019  7.79227E-011  1.03284E-008  9.11222E-013  3.30617E-013  8.68829E-018  3.73852E-020  1.74246E-012  1.00000E-040  4.96421E-010  3.33109E-021  1.87987E-016  5.04943E-024  4.76902E-024  1.00000E-040  1.00000E-040  1.00000E-040  1.00000E-040  2.54095E-010  1.00000E-040  4.16619E-038  1.18897E-024  3.75380E-023  1.66350E-032  5.46260E-035  1.94080E-034  3.58509E-016  1.19598E-017  2.08420E-013  2.29435E-031  3.36306E-038  1.00000E-040  1.70795E-019  4.02320E-040  1.76854E-024  3.00138E-031  4.22670E-022  3.14073E-025  5.58204E-013  1.06275E-023  1.00000E-040  1.82181E-017  1.00000E-040  1.00000E-040  1.78625E-023  1.00000E-040  3.52432E-027  2.79576E-038  8.79587E-019  1.00000E-040  1.00000E-003  1.00000E-005  1.00000E-005  1.00000E-005  1.00000E-005  1.00000E-005  1.00000E-005  1.00000E-005  1.00000E-005  1.00000E-005  1.00000E-005  1.00000E-005  1.00000E-005  1.00000E-005  1.00000E-005  1.00000E-005  
2.25000E+001  3.90532E-002  1.29156E+018  2.19008E+002  5.98979E+003  1.00000E-040  1.00000E-040  1.00000E-040  7.00166E-010  1.00000E-040  1.00000E-040  1.00000E-040  1.00000E-040  1.00000E-040  1.00000E-040  1.00000E-040  1.00000E-040  1.00000E-040  1.00000E-040  1.98633E-027  1.00000E-040  1.01718E-040  1.24290E-019  9.92513E-007  4.82582E-005  1.91323E-012  1.87506E-012  2.00725E-001  6.19883E-009  3.69093E-004  6.87152E-022  2.55252E-011  1.00000E-040  1.00000E-040  3.09184E-030  2.15581E-018  8.92001E-007  1.53299E-024  8.23495E-029  1.00000E-040  1.00000E-040  6.63991E-035  1.18844E-018  3.12482E-020  1.03011E-017  6.81982E-013  1.00000E-040  1.00000E-040  2.56837E-010  5.31236E-040  5.98182E-015  3.11566E-035  7.98853E-001  2.79669E-031  3.39102E-027  1.72813E-022  1.00000E-040  1.00000E-040  5.26379E-029  6.80073E-024  2.63168E-010  2.56847E-016  3.10752E-011  1.75078E-015  2.19718E-007  8.19473E-010  2.80773E-006  4.80979E-010  7.59682E-013  7.11023E-019  8.52261E-011  1.18605E-008  1.20437E-012  1.90140E-013  8.45235E-018  3.07131E-020  1.73691E-012  1.00000E-040  4.80000E-010  5.48876E-021  2.89940E-016  6.71442E-024  8.04419E-024  1.00000E-040  1.00000E-040  1.00000E-040  1.00000E-040  2.70588E-010  1.00000E-040  7.51479E-038  1.60454E-024  4.38948E-023  3.48027E-032  1.14801E-034  2.82963E-034  3.81033E-016  1.51343E-017  1.98925E-013  2.30018E-031  1.48171E-038  1.00000E-040  1.97125E-019  7.21433E-040  2.09119E-024  3.41401E-031  4.22646E-022  3.40881E-025  5.59779E-013  1.73238E-023  1.00000E-040  2.13445E-017  1.00000E-040  1.00000E-040  2.71435E-023  1.00000E-040  3.05910E-027  3.26029E-038  1.40238E-018  1.00000E-040  1.00000E-003  1.00000E-005  1.00000E-005  1.00000E-005  1.00000E-005  1.00000E-005  1.00000E-005  1.00000E-005  1.00000E-005  1.00000E-005  1.00000E-005  1.00000E-005  1.00000E-005  1.00000E-005  1.00000E-005  1.00000E-005  
2.35000E+001  3.34697E-002  1.10191E+018  2.20001E+002  6.81376E+003  1.00000E-040  1.00000E-040  1.00000E-040  6.64436E-010  1.00000E-040  1.00000E-040  1.00000E-040  1.00000E-040  1.00000E-040  1.00000E-040  1.00000E-040  1.00000E-040  1.00000E-040  1.00000E-040  2.00241E-027  1.00000E-040  1.01740E-040  1.95747E-019  9.49473E-007  4.84121E-005  2.54794E-012  3.14881E-012  2.00722E-001  6.09228E-009  3.69131E-004  9.43421E-022  2.72524E-011  1.00000E-040  1.00000E-040  6.48205E-030  3.34855E-018  8.33563E-007  3.03337E-024  1.19619E-028  1.00000E-040  1.00000E-040  6.63520E-035  1.07973E-018  3.09613E-020  1.52193E-017  9.28960E-013  1.00000E-040  1.00000E-040  2.19010E-010  9.34815E-040  6.93119E-015  9.38449E-035  7.98856E-001  5.69321E-031  2.72977E-027  9.43519E-023  1.00000E-040  1.00000E-040  7.49492E-029  9.29516E-024  3.41783E-010  2.56546E-016  3.83047E-011  1.97370E-015  2.04840E-007  9.70739E-010  3.34422E-006  6.48706E-010  9.30586E-013  1.55396E-018  9.41267E-011  1.32931E-008  1.62069E-012  1.21896E-013  8.14416E-018  2.43608E-020  1.68607E-012  1.00000E-040  4.73588E-010  8.95742E-021  4.50596E-016  9.39900E-024  1.35428E-023  1.00756E-040  1.00000E-040  1.00000E-040  1.00000E-040  2.77041E-010  1.00000E-040  1.38175E-037  2.17996E-024  5.09237E-023  7.42670E-032  2.33648E-034  4.18822E-034  4.03034E-016  1.93243E-017  1.87560E-013  2.32236E-031  6.54860E-039  1.00000E-040  2.26884E-019  1.31875E-039  2.60124E-024  3.96850E-031  4.22622E-022  3.76942E-025  5.59329E-013  2.83417E-023  1.00000E-040  2.45694E-017  1.00000E-040  1.00000E-040  4.21320E-023  1.00000E-040  2.65022E-027  3.73951E-038  2.22648E-018  1.00000E-040  1.00000E-003  1.00000E-005  1.00000E-005  1.00000E-005  1.00000E-005  1.00000E-005  1.00000E-005  1.00000E-005  1.00000E-005  1.00000E-005  1.00000E-005  1.00000E-005  1.00000E-005  1.00000E-005  1.00000E-005  1.00000E-005  
2.45000E+001  2.87060E-002  9.40824E+017  2.20994E+002  7.73510E+003  1.00000E-040  1.00000E-040  1.00000E-040  6.19128E-010  1.00000E-040  1.00000E-040  1.00000E-040  1.00000E-040  1.00000E-040  1.00000E-040  1.00000E-040  1.00000E-040  1.00000E-040  1.00000E-040  2.01734E-027  1.00000E-040  1.01762E-040  3.13043E-019  9.05759E-007  4.85632E-005  3.44230E-012  5.21137E-012  2.00718E-001  5.99326E-009  3.69166E-004  1.31628E-021  2.91989E-011  1.00000E-040  1.00000E-040  1.39125E-029  5.24948E-018  7.76832E-007  5.71506E-024  1.61360E-028  1.00000E-040  1.00000E-040  6.63035E-035  9.65388E-019  3.11962E-020  2.30087E-017  1.23820E-012  1.00000E-040  1.00000E-040  1.82680E-010  1.64481E-039  7.92474E-015  2.74668E-034  7.98859E-001  1.13854E-030  2.53932E-027  4.79178E-023  1.00000E-040  1.00000E-040  1.08228E-028  1.28772E-023  4.50908E-010  2.65930E-016  4.65044E-011  2.18995E-015  1.89783E-007  1.10383E-009  3.92132E-006  8.75148E-010  1.11572E-012  3.34308E-018  1.05543E-010  1.45855E-008  2.20520E-012  8.07424E-014  7.82488E-018  1.89280E-020  1.60642E-012  1.00000E-040  4.76400E-010  1.45062E-020  7.05505E-016  1.37290E-023  2.27732E-023  1.03958E-040  1.00000E-040  1.00000E-040  1.00000E-040  2.74271E-010  1.00000E-040  2.61247E-037  2.99946E-024  5.86904E-023  1.62221E-031  4.61726E-034  6.29406E-034  4.24294E-016  2.49290E-017  1.75467E-013  2.37184E-031  2.94831E-039  1.00000E-040  2.61972E-019  2.47633E-039  3.39265E-024  4.76039E-031  4.22597E-022  4.29223E-025  5.54926E-013  4.57266E-023  1.00000E-040  2.78937E-017  1.00000E-040  1.00000E-040  6.70352E-023  1.00000E-040  2.29152E-027  4.23363E-038  3.52404E-018  1.00000E-040  1.00000E-003  1.00000E-005  1.00000E-005  1.00000E-005  1.00000E-005  1.00000E-005  1.00000E-005  1.00000E-005  1.00000E-005  1.00000E-005  1.00000E-005  1.00000E-005  1.00000E-005  1.00000E-005  1.00000E-005  1.00000E-005  
2.55000E+001  2.46384E-002  8.03903E+017  2.21986E+002  8.73322E+003  1.00000E-040  1.00000E-040  1.00000E-040  5.63043E-010  1.00000E-040  1.00000E-040  1.00000E-040  1.00000E-040  1.00000E-040  1.00000E-040  1.00000E-040  1.00000E-040  1.00000E-040  1.00000E-040  2.03128E-027  1.00000E-040  1.01784E-040  5.08463E-019  8.61391E-007  4.87116E-005  4.72242E-012  8.50294E-012  2.00714E-001  5.88536E-009  3.69199E-004  1.86553E-021  3.13315E-011  1.00000E-040  1.00000E-040  3.05875E-029  8.30277E-018  7.21690E-007  1.02701E-023  2.01495E-028  1.00000E-040  1.00000E-040  6.62536E-035  8.47090E-019  3.19789E-020  3.52475E-017  1.59117E-012  1.00000E-040  1.00000E-040  1.48413E-010  2.90492E-039  8.96755E-015  7.76940E-034  7.98862E-001  2.23267E-030  2.74495E-027  2.22362E-023  1.00000E-040  1.00000E-040  1.59394E-028  1.81906E-023  6.05671E-010  2.86776E-016  5.55092E-011  2.39954E-015  1.74610E-007  1.19869E-009  4.52503E-006  1.18287E-009  1.30808E-012  6.98340E-018  1.20442E-010  1.56919E-008  3.02497E-012  5.36274E-014  7.54703E-018  1.45946E-020  1.51177E-012  1.00000E-040  4.86727E-010  2.33655E-020  1.11181E-015  2.07552E-023  3.82761E-023  1.08319E-040  1.00000E-040  1.00000E-040  1.00000E-040  2.63984E-010  1.68337E-040  5.11436E-037  4.20148E-024  6.73791E-023  3.62902E-031  8.89546E-034  9.60476E-034  4.43903E-016  3.24803E-017  1.63365E-013  2.46098E-031  1.40571E-039  1.00000E-040  3.04676E-019  4.80728E-039  4.62443E-024  5.94380E-031  4.22571E-022  5.07878E-025  5.45590E-013  7.17782E-023  1.00000E-040  3.13309E-017  1.00000E-040  1.00000E-040  1.09389E-022  1.00000E-040  1.97714E-027  4.74476E-038  5.55987E-018  1.00000E-040  1.00000E-003  1.00000E-005  1.00000E-005  1.00000E-005  1.00000E-005  1.00000E-005  1.00000E-005  1.00000E-005  1.00000E-005  1.00000E-005  1.00000E-005  1.00000E-005  1.00000E-005  1.00000E-005  1.00000E-005  1.00000E-005  
2.65000E+001  2.11627E-002  6.87426E+017  2.22978E+002  9.76771E+003  1.00000E-040  1.00000E-040  1.00000E-040  4.95874E-010  1.00000E-040  1.00000E-040  1.00000E-040  1.00000E-040  1.00000E-040  1.00000E-040  1.00000E-040  1.00000E-040  1.00000E-040  1.00000E-040  2.04439E-027  1.00000E-040  1.01808E-040  8.38503E-019  8.16252E-007  4.88581E-005  6.57314E-012  1.36750E-011  2.00710E-001  5.75833E-009  3.69229E-004  2.67725E-021  3.35520E-011  1.00000E-040  1.00000E-040  6.86740E-029  1.32190E-017  6.67881E-007  1.75837E-023  2.31178E-028  1.00000E-040  1.00000E-040  6.62019E-035  7.28624E-019  3.33104E-020  5.41082E-017  1.95120E-012  1.00000E-040  1.00000E-040  1.16754E-010  5.15953E-039  1.00694E-014  2.11697E-033  7.98865E-001  4.29293E-030  3.32165E-027  9.24836E-024  1.00000E-040  1.00000E-040  2.40545E-028  2.63234E-023  8.27030E-010  3.20778E-016  6.50964E-011  2.60311E-015  1.59361E-007  1.24012E-009  5.13361E-006  1.59732E-009  1.49785E-012  1.40146E-017  1.39684E-010  1.65626E-008  4.17945E-012  3.54089E-014  7.34388E-018  1.12679E-020  1.41084E-012  1.00000E-040  5.02512E-010  3.75339E-020  1.76060E-015  3.22495E-023  6.43544E-023  1.14275E-040  1.00000E-040  1.00000E-040  1.00000E-040  2.48234E-010  4.63966E-040  1.04064E-036  6.01390E-024  7.73885E-023  8.28921E-031  1.68201E-033  1.48794E-033  4.59707E-016  4.26428E-017  1.51634E-013  2.60334E-031  7.72978E-040  1.00000E-040  3.57454E-019  9.68205E-039  6.56231E-024  7.76889E-031  4.22544E-022  6.28007E-025  5.31551E-013  1.08448E-022  1.00000E-040  3.49085E-017  1.00000E-040  1.00000E-040  1.82507E-022  1.00000E-040  1.70182E-027  5.27721E-038  8.73623E-018  1.00000E-040  1.00000E-003  1.00000E-005  1.00000E-005  1.00000E-005  1.00000E-005  1.00000E-005  1.00000E-005  1.00000E-005  1.00000E-005  1.00000E-005  1.00000E-005  1.00000E-005  1.00000E-005  1.00000E-005  1.00000E-005  1.00000E-005  
2.75000E+001  1.81905E-002  5.88263E+017  2.23970E+002  1.09314E+004  1.00000E-040  1.00000E-040  1.00000E-040  4.18597E-010  1.00000E-040  1.00000E-040  1.00000E-040  1.00000E-040  1.00000E-040  1.00000E-040  1.00000E-040  1.00000E-040  1.00000E-040  1.00000E-040  2.05679E-027  1.00000E-040  1.01832E-040  1.40306E-018  7.70386E-007  4.90027E-005  9.25895E-012  2.16613E-011  2.00706E-001  5.60640E-009  3.69257E-004  3.86988E-021  3.57075E-011  1.00000E-040  1.00000E-040  1.56483E-028  2.11089E-017  6.15379E-007  2.85869E-023  2.41270E-028  1.00000E-040  1.00000E-040  6.61479E-035  6.15334E-019  3.52107E-020  8.21766E-017  2.26656E-012  1.64860E-040  1.00000E-040  8.83889E-011  9.20771E-039  1.12379E-014  5.54087E-033  7.98868E-001  8.08923E-030  4.27247E-027  3.39516E-024  1.00000E-040  1.00000E-040  3.72423E-028  3.90606E-023  1.14225E-009  3.69503E-016  7.49971E-011  2.80045E-015  1.44160E-007  1.22220E-009  5.71546E-006  2.13998E-009  1.67159E-012  2.67664E-017  1.63847E-010  1.71402E-008  5.80219E-012  2.32615E-014  7.23504E-018  8.75559E-021  1.30785E-012  1.00000E-040  5.21754E-010  6.01704E-020  2.79260E-015  5.10928E-023  1.08096E-022  1.22408E-040  1.00000E-040  1.00000E-040  1.00000E-040  2.29020E-010  1.21774E-039  2.19736E-036  8.79744E-024  8.93986E-023  1.92130E-030  3.14207E-033  2.33866E-033  4.69032E-016  5.62096E-017  1.40448E-013  2.81493E-031  5.50925E-040  1.00000E-040  4.22644E-019  2.01972E-038  9.63416E-024  1.06361E-030  4.22516E-022  8.11807E-025  5.14127E-013  1.56224E-022  1.00000E-040  3.86460E-017  1.00000E-040  1.00000E-040  3.09410E-022  1.00000E-040  1.46270E-027  5.83432E-038  1.36474E-017  1.00000E-040  1.00000E-003  1.00000E-005  1.00000E-005  1.00000E-005  1.00000E-005  1.00000E-005  1.00000E-005  1.00000E-005  1.00000E-005  1.00000E-005  1.00000E-005  1.00000E-005  1.00000E-005  1.00000E-005  1.00000E-005  1.00000E-005  
2.85000E+001  1.56470E-002  5.03778E+017  2.24961E+002  1.22176E+004  1.00000E-040  1.00000E-040  1.00000E-040  3.33260E-010  1.00000E-040  1.00000E-040  1.00000E-040  1.00000E-040  1.00000E-040  1.00000E-040  1.00000E-040  1.00000E-040  1.00000E-040  1.00000E-040  2.06859E-027  1.00000E-040  1.01858E-040  2.38215E-018  7.24069E-007  4.91445E-005  1.31496E-011  3.37754E-011  2.00702E-001  5.42785E-009  3.69283E-004  5.59858E-021  3.76191E-011  1.00000E-040  1.00000E-040  3.59032E-028  3.36683E-017  5.64418E-007  4.39108E-023  2.26568E-028  1.00000E-040  1.00000E-040  6.60918E-035  5.12682E-019  3.77493E-020  1.21741E-016  2.48053E-012  5.08163E-040  1.00000E-040  6.40397E-011  1.64616E-038  1.24768E-014  1.39215E-032  7.98871E-001  1.49300E-029  5.62428E-027  1.09422E-024  1.00000E-040  1.00000E-040  5.90074E-028  5.92637E-023  1.58408E-009  4.33773E-016  8.49582E-011  2.99039E-015  1.29228E-007  1.15088E-009  6.23375E-006  2.81824E-009  1.81435E-012  4.82268E-017  1.92991E-010  1.73699E-008  8.08903E-012  1.52791E-014  7.22930E-018  6.85991E-021  1.20437E-012  1.00000E-040  5.42714E-010  9.61390E-020  4.41644E-015  8.18493E-023  1.80847E-022  1.33485E-040  1.70920E-040  1.00000E-040  1.00000E-040  2.08082E-010  3.01532E-039  4.78321E-036  1.31057E-023  1.04413E-022  4.48330E-030  5.83139E-033  3.72896E-033  4.69514E-016  7.40834E-017  1.29847E-013  3.11711E-031  5.29816E-040  1.00000E-040  5.02213E-019  4.33541E-038  1.45067E-023  1.51776E-030  4.22487E-022  1.09125E-024  4.95245E-013  2.12717E-022  1.00000E-040  4.25488E-017  1.00000E-040  1.00000E-040  5.28770E-022  1.00000E-040  1.25877E-027  6.41779E-038  2.11526E-017  1.00000E-040  1.00000E-003  1.00000E-005  1.00000E-005  1.00000E-005  1.00000E-005  1.00000E-005  1.00000E-005  1.00000E-005  1.00000E-005  1.00000E-005  1.00000E-005  1.00000E-005  1.00000E-005  1.00000E-005  1.00000E-005  1.00000E-005  
2.95000E+001  1.34687E-002  4.31743E+017  2.25952E+002  1.33341E+004  1.00000E-040  1.00000E-040  1.00000E-040  2.43399E-010  1.00000E-040  1.00000E-040  1.00000E-040  1.00000E-040  1.00000E-040  1.00000E-040  1.00000E-040  1.00000E-040  1.00000E-040  1.00000E-040  2.07987E-027  1.00000E-040  1.01885E-040  4.10914E-018  6.77053E-007  4.92845E-005  1.87559E-011  5.19115E-011  2.00698E-001  5.22149E-009  3.69306E-004  8.05027E-021  3.90805E-011  1.00000E-040  1.00000E-040  8.22207E-028  5.33743E-017  5.14652E-007  6.30572E-023  1.87451E-028  1.00000E-040  1.00000E-040  6.60327E-035  4.22333E-019  4.08371E-020  1.72708E-016  2.54232E-012  1.46516E-039  1.00000E-040  4.39522E-011  2.94283E-038  1.38062E-014  3.37726E-032  7.98875E-001  2.70683E-029  7.45380E-027  3.08403E-025  1.00000E-040  1.00000E-040  9.56994E-028  9.18330E-023  2.18998E-009  5.12173E-016  9.48391E-011  3.17387E-015  1.14628E-007  1.04170E-009  6.66036E-006  3.62140E-009  1.91588E-012  8.12173E-017  2.26677E-010  1.72280E-008  1.13413E-011  1.00479E-014  7.31852E-018  5.40772E-021  1.10055E-012  1.00000E-040  5.64110E-010  1.53560E-019  6.94608E-015  1.32203E-022  3.01896E-022  1.48728E-040  3.04779E-040  1.00000E-040  1.00000E-040  1.86701E-010  6.93864E-039  1.06802E-035  1.98531E-023  1.23760E-022  1.04404E-029  1.08613E-032  6.04026E-033  4.57172E-016  9.71473E-017  1.19611E-013  3.54317E-031  6.46993E-040  1.00000E-040  5.98439E-019  9.53740E-038  2.22842E-023  2.24737E-030  4.22456E-022  1.51648E-024  4.75948E-013  2.71206E-022  1.00000E-040  4.66728E-017  1.00000E-040  1.00000E-040  9.02993E-022  1.00000E-040  1.08743E-027  7.03779E-038  3.25035E-017  1.00000E-040  1.00000E-003  1.00000E-005  1.00000E-005  1.00000E-005  1.00000E-005  1.00000E-005  1.00000E-005  1.00000E-005  1.00000E-005  1.00000E-005  1.00000E-005  1.00000E-005  1.00000E-005  1.00000E-005  1.00000E-005  1.00000E-005  
3.05000E+001  1.16018E-002  3.70276E+017  2.26943E+002  1.47095E+004  1.00000E-040  1.00000E-040  1.00000E-040  1.53474E-010  1.00000E-040  1.00000E-040  1.00000E-040  1.00000E-040  1.00000E-040  1.00000E-040  1.00000E-040  1.00000E-040  1.00000E-040  1.00000E-040  2.09071E-027  1.00000E-040  1.01913E-040  7.22663E-018  6.29401E-007  4.94224E-005  2.67717E-011  7.87680E-011  2.00694E-001  4.99142E-009  3.69327E-004  1.14369E-020  3.99228E-011  1.00000E-040  1.00000E-040  1.86475E-027  8.37466E-017  4.66088E-007  8.36966E-023  1.33632E-028  1.00000E-040  1.00000E-040  6.59701E-035  3.44723E-019  4.43800E-020  2.30692E-016  2.42491E-012  3.85264E-039  1.00000E-040  2.82738E-011  5.24684E-038  1.52413E-014  7.96305E-032  7.98879E-001  4.83191E-029  9.90155E-027  7.84069E-026  1.00000E-040  1.00000E-040  1.58549E-027  1.44773E-022  2.99967E-009  6.01134E-016  1.04498E-010  3.35041E-015  1.00535E-007  9.11644E-010  6.97144E-006  4.51175E-009  1.96898E-012  1.26653E-016  2.63888E-010  1.67068E-008  1.59506E-011  6.62679E-015  7.49465E-018  4.27667E-021  9.96555E-013  1.00000E-040  5.85040E-010  2.45362E-019  1.08377E-014  2.14566E-022  5.02834E-022  1.69835E-040  5.53875E-040  1.00000E-040  1.00000E-040  1.65781E-010  1.46126E-038  2.42798E-035  3.04611E-023  1.49135E-022  2.40748E-029  2.04354E-032  9.97441E-033  4.28964E-016  1.26214E-016  1.09498E-013  4.14751E-031  9.56111E-040  1.00000E-040  7.13053E-019  2.13742E-037  3.47002E-023  3.42921E-030  4.22423E-022  2.15970E-024  4.56875E-013  3.20748E-022  1.00000E-040  5.10558E-017  1.00000E-040  1.00000E-040  1.52906E-021  1.17052E-040  9.48448E-028  7.70382E-038  4.94512E-017  1.00000E-040  1.00000E-003  1.00000E-005  1.00000E-005  1.00000E-005  1.00000E-005  1.00000E-005  1.00000E-005  1.00000E-005  1.00000E-005  1.00000E-005  1.00000E-005  1.00000E-005  1.00000E-005  1.00000E-005  1.00000E-005  1.00000E-005  
3.15000E+001  1.00008E-002  3.17736E+017  2.27975E+002  1.63146E+004  1.00000E-040  1.00000E-040  1.00000E-040  6.58594E-011  1.00000E-040  1.00000E-040  1.00000E-040  1.00000E-040  1.00000E-040  1.00000E-040  1.00000E-040  1.00000E-040  1.00000E-040  1.00000E-040  2.10148E-027  1.00000E-040  1.01944E-040  1.30427E-017  5.81902E-007  4.95562E-005  3.81074E-011  1.18220E-010  2.00690E-001  4.75440E-009  3.69344E-004  1.60058E-020  4.01201E-011  1.00000E-040  1.00000E-040  4.17258E-027  1.29952E-016  4.19435E-007  1.02098E-022  8.13316E-029  1.00000E-040  1.00000E-040  6.59043E-035  2.80190E-019  4.84175E-020  2.87185E-016  2.14939E-012  9.08151E-039  1.00000E-040  1.69694E-011  9.33894E-038  1.67774E-014  1.83843E-031  7.98882E-001  8.52560E-029  1.32232E-026  2.13407E-026  1.00000E-040  1.00000E-040  2.67436E-027  2.30667E-022  4.05050E-009  6.94782E-016  1.13799E-010  3.51688E-015  8.73121E-008  7.75689E-010  7.14715E-006  5.42447E-009  1.97230E-012  1.82913E-016  3.02753E-010  1.58138E-008  2.24925E-011  4.39724E-015  7.73792E-018  3.36982E-021  8.91138E-013  1.00000E-040  6.05041E-010  3.91310E-019  1.67631E-014  3.48327E-022  8.34163E-022  1.98884E-040  1.02073E-039  1.00000E-040  1.00000E-040  1.45787E-010  2.79946E-038  5.56544E-035  4.70305E-023  1.82740E-022  5.48004E-029  3.90323E-032  1.69607E-032  3.84699E-016  1.62074E-016  9.93410E-014  5.03342E-031  1.70272E-039  1.00000E-040  8.40397E-019  4.83923E-037  5.43347E-023  5.34591E-030  4.22388E-022  3.11368E-024  4.39207E-013  3.50001E-022  1.00000E-040  5.56739E-017  1.00000E-040  1.00000E-040  2.55858E-021  2.07982E-040  8.44007E-028  8.41952E-038  7.43184E-017  1.00000E-040  1.00000E-003  1.00000E-005  1.00000E-005  1.00000E-005  1.00000E-005  1.00000E-005  1.00000E-005  1.00000E-005  1.00000E-005  1.00000E-005  1.00000E-005  1.00000E-005  1.00000E-005  1.00000E-005  1.00000E-005  1.00000E-005  
3.25000E+001  8.62806E-003  2.72389E+017  2.29425E+002  1.77999E+004  1.00000E-040  1.00000E-040  1.00000E-040  5.79600E-029  1.00000E-040  1.00000E-040  1.00000E-040  1.00000E-040  1.00000E-040  1.00000E-040  1.00000E-040  1.00000E-040  1.00000E-040  1.00000E-040  2.11515E-027  1.00000E-040  1.01975E-040  2.44973E-017  5.34684E-007  4.96856E-005  5.38526E-011  1.76602E-010  2.00686E-001  4.53929E-009  3.69357E-004  2.21559E-020  3.99780E-011  1.00000E-040  1.00000E-040  9.32742E-027  2.01885E-016  3.74695E-007  1.13809E-022  4.20825E-029  1.00000E-040  1.00000E-040  6.58349E-035  2.24711E-019  5.20899E-020  3.28185E-016  1.77261E-012  1.90922E-038  1.00000E-040  9.41519E-012  1.73130E-037  1.84312E-014  4.26105E-031  7.98886E-001  1.53353E-028  1.83491E-026  9.65737E-027  1.00000E-040  1.28242E-040  4.64685E-027  3.72562E-022  5.37784E-009  7.80921E-016  1.22992E-010  3.67269E-015  7.50903E-008  6.45482E-010  7.16614E-006  6.31301E-009  1.94560E-012  2.54128E-016  3.39493E-010  1.45615E-008  3.04123E-011  2.92090E-015  7.91670E-018  2.55044E-021  7.72599E-013  1.00000E-040  6.24818E-010  6.26787E-019  2.59883E-014  5.70104E-022  1.39693E-021  2.39257E-040  2.00186E-039  1.00000E-040  1.00000E-040  1.26025E-010  4.93365E-038  1.28935E-034  7.32562E-023  2.28722E-022  1.25455E-028  7.80365E-032  3.10996E-032  3.18761E-016  2.05207E-016  8.85358E-014  6.53022E-031  3.68094E-039  1.00000E-040  9.30650E-019  1.10258E-036  8.56195E-023  8.52594E-030  4.22350E-022  4.49462E-024  4.26180E-013  3.48425E-022  1.00000E-040  6.05677E-017  1.00000E-040  1.00000E-040  4.29465E-021  3.87080E-040  7.74912E-028  9.20414E-038  1.09994E-016  1.00000E-040  1.00000E-003  1.00000E-005  1.00000E-005  1.00000E-005  1.00000E-005  1.00000E-005  1.00000E-005  1.00000E-005  1.00000E-005  1.00000E-005  1.00000E-005  1.00000E-005  1.00000E-005  1.00000E-005  1.00000E-005  1.00000E-005  
3.35000E+001  7.45332E-003  2.32759E+017  2.31932E+002  1.94896E+004  1.00000E-040  1.00000E-040  1.00000E-040  8.97841E-029  1.00000E-040  1.00000E-040  1.00000E-040  1.00000E-040  1.00000E-040  1.00000E-040  1.00000E-040  1.00000E-040  1.00000E-040  1.00000E-040  2.13659E-027  1.00000E-040  1.02009E-040  4.86502E-017  4.87764E-007  4.98106E-005  7.51021E-011  2.64739E-010  2.00682E-001  4.36949E-009  3.69366E-004  3.06002E-020  4.00439E-011  1.00000E-040  1.00000E-040  2.12955E-026  3.20535E-016  3.31772E-007  1.15388E-022  1.85438E-029  1.00000E-040  1.00000E-040  6.57611E-035  1.73440E-019  5.32409E-020  3.37509E-016  1.36113E-012  3.57235E-038  1.00000E-040  4.77563E-012  3.58259E-037  2.02273E-014  1.02829E-030  7.98891E-001  2.94910E-028  2.78978E-026  8.97171E-027  1.00000E-040  3.56227E-040  8.36997E-027  6.10083E-022  6.99685E-009  8.39528E-016  1.32824E-010  3.81758E-015  6.39257E-008  5.29594E-010  7.01078E-006  7.15485E-009  1.91862E-012  3.60700E-016  3.67610E-010  1.29667E-008  3.54500E-011  1.92459E-015  7.80363E-018  1.74776E-021  6.30386E-013  1.00000E-040  6.45267E-010  1.01149E-018  4.08633E-014  9.47696E-022  2.39682E-021  2.96330E-040  4.50433E-039  1.00000E-040  1.00000E-040  1.05610E-010  8.18182E-038  3.02045E-034  1.15123E-022  2.95027E-022  2.98264E-028  1.68760E-031  6.58091E-032  2.32448E-016  2.55381E-016  7.65551E-014  9.46443E-031  9.39914E-039  1.00000E-040  8.97632E-019  2.48193E-036  1.35502E-022  1.37937E-029  4.22308E-022  6.36037E-024  4.22573E-013  3.10430E-022  1.00000E-040  6.57987E-017  1.00000E-040  1.00000E-040  7.41381E-021  7.71665E-040  7.43241E-028  1.00885E-037  1.59624E-016  1.00000E-040  1.00000E-003  1.00000E-005  1.00000E-005  1.00000E-005  1.00000E-005  1.00000E-005  1.00000E-005  1.00000E-005  1.00000E-005  1.00000E-005  1.00000E-005  1.00000E-005  1.00000E-005  1.00000E-005  1.00000E-005  1.00000E-005  
3.45000E+001  6.44946E-003  1.99044E+017  2.34688E+002  2.14883E+004  1.00000E-040  1.00000E-040  1.00000E-040  2.03955E-028  1.00000E-040  1.00000E-040  1.00000E-040  1.00000E-040  1.00000E-040  1.00000E-040  1.00000E-040  1.00000E-040  1.00000E-040  1.00000E-040  2.15960E-027  1.00000E-040  1.02045E-040  9.96417E-017  4.41804E-007  4.99294E-005  1.03275E-010  3.94269E-010  2.00678E-001  4.20653E-009  3.69372E-004  4.12534E-020  3.95556E-011  1.00000E-040  1.00000E-040  4.72117E-026  5.00026E-016  2.91160E-007  1.05444E-022  6.72037E-030  1.00000E-040  1.00000E-040  6.56831E-035  1.27835E-019  5.15839E-020  3.13662E-016  9.63838E-013  5.60052E-038  1.00000E-040  2.20688E-012  7.46900E-037  2.21696E-014  2.48679E-030  7.98895E-001  5.69334E-028  4.32773E-026  1.14692E-026  1.00000E-040  9.46807E-040  1.49355E-026  9.83978E-022  8.88547E-009  8.65262E-016  1.42131E-010  3.94928E-015  5.39536E-008  4.29704E-010  6.74551E-006  7.79661E-009  1.85636E-012  4.73036E-016  3.87713E-010  1.11998E-008  3.84010E-011  1.26252E-015  7.58423E-018  1.14872E-021  4.99552E-013  1.00000E-040  6.63646E-010  1.61332E-018  6.32363E-014  1.55618E-021  4.06878E-021  3.77942E-040  1.00596E-038  1.00000E-040  1.00000E-040  8.72470E-011  1.20479E-037  6.88868E-034  1.78108E-022  3.83908E-022  6.90651E-028  3.65802E-031  1.46091E-031  1.55148E-016  3.10382E-016  6.46315E-014  1.43898E-030  2.65093E-038  1.00000E-040  8.31581E-019  5.39055E-036  2.10653E-022  2.17920E-029  4.22261E-022  8.70308E-024  4.17920E-013  2.49732E-022  1.00000E-040  7.13669E-017  1.00000E-040  1.00000E-040  1.24681E-020  1.52894E-039  7.52948E-028  1.11010E-037  2.26545E-016  1.00000E-040  1.00000E-003  1.00000E-005  1.00000E-005  1.00000E-005  1.00000E-005  1.00000E-005  1.00000E-005  1.00000E-005  1.00000E-005  1.00000E-005  1.00000E-005  1.00000E-005  1.00000E-005  1.00000E-005  1.00000E-005  1.00000E-005  
3.55000E+001  5.59055E-003  1.70524E+017  2.37458E+002  2.37513E+004  1.00000E-040  1.00000E-040  1.00000E-040  4.86942E-028  1.00000E-040  1.00000E-040  1.00000E-040  1.00000E-040  1.00000E-040  1.00000E-040  1.00000E-040  1.00000E-040  1.00000E-040  1.00000E-040  2.18242E-027  1.00000E-040  1.02082E-040  2.08840E-016  3.97510E-007  5.00404E-005  1.40072E-010  5.84406E-010  2.00674E-001  4.02722E-009  3.69372E-004  5.40688E-020  3.84007E-011  1.00000E-040  2.24945E-040  1.00378E-025  7.58896E-016  2.53334E-007  8.70813E-023  1.99450E-030  1.00000E-040  1.00000E-040  6.56011E-035  9.00661E-020  4.72552E-020  2.63789E-016  6.29297E-013  7.29280E-038  1.00000E-040  9.29231E-013  1.52482E-036  2.42571E-014  6.00737E-030  7.98899E-001  1.08888E-027  6.72477E-026  1.60980E-026  1.00000E-040  2.34677E-039  2.56803E-026  1.53073E-021  1.09770E-008  8.50637E-016  1.51190E-010  4.06581E-015  4.52382E-008  3.48854E-010  6.43222E-006  8.15822E-009  1.76733E-012  5.59606E-016  3.98493E-010  9.40922E-009  3.99968E-011  8.25716E-016  7.30699E-018  7.38367E-022  3.89602E-013  1.00000E-040  6.79242E-010  2.51461E-018  9.53977E-014  2.48776E-021  6.72672E-021  4.94809E-040  2.10700E-038  1.00000E-040  1.00000E-040  7.16422E-011  1.55947E-037  1.49471E-033  2.66736E-022  4.99157E-022  1.53251E-027  7.68594E-031  3.31033E-031  9.57717E-017  3.68148E-016  5.34442E-014  2.24245E-030  7.97576E-038  1.00000E-040  7.63580E-019  1.10596E-035  3.16579E-022  3.26377E-029  4.22204E-022  1.12840E-023  4.09615E-013  1.82506E-022  1.00000E-040  7.72584E-017  1.00000E-040  1.00000E-040  2.01518E-020  2.92669E-039  8.08240E-028  1.22706E-037  3.15828E-016  1.00000E-040  1.00000E-003  1.00000E-005  1.00000E-005  1.00000E-005  1.00000E-005  1.00000E-005  1.00000E-005  1.00000E-005  1.00000E-005  1.00000E-005  1.00000E-005  1.00000E-005  1.00000E-005  1.00000E-005  1.00000E-005  1.00000E-005  
3.65000E+001  4.85432E-003  1.46360E+017  2.40227E+002  2.66886E+004  1.00000E-040  1.00000E-040  1.00000E-040  1.17395E-027  1.00000E-040  1.00000E-040  1.00000E-040  1.00000E-040  1.00000E-040  1.00000E-040  1.00000E-040  1.00000E-040  1.00000E-040  1.00000E-040  2.20497E-027  1.00000E-040  1.02121E-040  4.47504E-016  3.55721E-007  5.01418E-005  1.87794E-010  8.65460E-010  2.00670E-001  3.82860E-009  3.69368E-004  6.92169E-020  3.67426E-011  1.00000E-040  8.29714E-040  2.05666E-025  1.12374E-015  2.18811E-007  6.59759E-023  4.95009E-031  1.00000E-040  1.00000E-040  6.55160E-035  6.09073E-020  4.10336E-020  2.02808E-016  3.83147E-013  8.08237E-038  1.00000E-040  3.59171E-013  3.04748E-036  2.64746E-014  1.45679E-029  7.98904E-001  2.06755E-027  1.04308E-025  2.36123E-026  1.00000E-040  5.37107E-039  4.19797E-026  2.27382E-021  1.31861E-008  7.97027E-016  1.60436E-010  4.16534E-015  3.78031E-008  2.85405E-010  6.10472E-006  8.21439E-009  1.66564E-012  6.05229E-016  3.99069E-010  7.70813E-009  4.07957E-011  5.38902E-016  6.98473E-018  4.66910E-022  3.00556E-013  1.00000E-040  6.92236E-010  3.81327E-018  1.40496E-013  3.85433E-021  1.07827E-020  6.59191E-040  4.08751E-038  1.00000E-040  1.00000E-040  5.86154E-011  1.80565E-037  3.06084E-033  3.84269E-022  6.45576E-022  3.27375E-027  1.54258E-030  7.64010E-031  5.50247E-017  4.27568E-016  4.34273E-014  3.55897E-030  2.49955E-037  1.00000E-040  6.97803E-019  2.12003E-035  4.57290E-022  4.56411E-029  4.22131E-022  1.37059E-023  3.97503E-013  1.22919E-022  1.00000E-040  8.34219E-017  1.00000E-040  1.00000E-040  3.14508E-020  5.38852E-039  9.12815E-028  1.36102E-037  4.34865E-016  1.00000E-040  1.00000E-003  1.00000E-005  1.00000E-005  1.00000E-005  1.00000E-005  1.00000E-005  1.00000E-005  1.00000E-005  1.00000E-005  1.00000E-005  1.00000E-005  1.00000E-005  1.00000E-005  1.00000E-005  1.00000E-005  1.00000E-005  
3.75000E+001  4.22208E-003  1.25848E+017  2.42995E+002  2.97231E+004  1.00000E-040  1.00000E-040  1.00000E-040  2.82929E-027  1.00000E-040  1.00000E-040  1.00000E-040  1.00000E-040  1.00000E-040  1.00000E-040  1.00000E-040  1.00000E-040  1.00000E-040  1.00000E-040  2.22727E-027  1.00000E-040  1.02162E-040  9.79849E-016  3.16906E-007  5.02326E-005  2.49884E-010  1.28381E-009  2.00665E-001  3.61294E-009  3.69359E-004  8.70675E-020  3.47285E-011  1.00000E-040  3.09739E-039  4.09648E-025  1.63103E-015  1.87746E-007  4.67334E-023  1.05469E-031  1.00000E-040  1.00000E-040  6.54281E-035  3.95898E-020  3.39231E-020  1.44703E-016  2.20866E-013  7.89335E-038  1.00000E-040  1.28504E-013  5.98700E-036  2.88157E-014  3.55674E-029  7.98909E-001  3.90733E-027  1.60713E-025  3.56685E-026  1.00000E-040  1.13363E-038  6.49409E-026  3.21948E-021  1.54360E-008  7.14885E-016  1.69894E-010  4.24745E-015  3.15600E-008  2.35167E-010  5.77349E-006  7.97215E-009  1.55788E-012  6.11447E-016  3.90247E-010  6.17353E-009  4.11706E-011  3.51524E-016  6.65175E-018  2.93125E-022  2.30515E-013  1.00000E-040  7.02955E-010  5.62714E-018  2.02810E-013  5.79389E-021  1.67705E-020  8.83780E-040  7.34923E-038  1.00000E-040  1.00000E-040  4.78416E-011  1.91468E-037  5.92881E-033  5.33382E-022  8.27415E-022  6.79191E-027  2.93062E-030  1.79539E-030  2.96188E-017  4.88417E-016  3.47916E-014  5.73385E-030  8.03025E-037  1.00000E-040  6.36872E-019  3.79422E-035  6.36293E-022  5.93962E-029  4.22027E-022  1.55936E-023  3.81042E-013  7.78084E-023  1.00000E-040  8.98338E-017  1.00000E-040  1.00000E-040  4.78078E-020  9.56489E-039  1.07022E-027  1.51143E-037  5.94245E-016  1.00000E-040  1.00000E-003  1.00000E-005  1.00000E-005  1.00000E-005  1.00000E-005  1.00000E-005  1.00000E-005  1.00000E-005  1.00000E-005  1.00000E-005  1.00000E-005  1.00000E-005  1.00000E-005  1.00000E-005  1.00000E-005  1.00000E-005  
3.85000E+001  3.67817E-003  1.08401E+017  2.45762E+002  3.29845E+004  1.00000E-040  1.00000E-040  1.00000E-040  6.79196E-027  1.00000E-040  1.00000E-040  1.00000E-040  1.00000E-040  1.00000E-040  1.00000E-040  1.00000E-040  1.00000E-040  1.00000E-040  1.00000E-040  2.24934E-027  1.00000E-040  1.02204E-040  2.19051E-015  2.81076E-007  5.03134E-005  3.31506E-010  1.91052E-009  2.00660E-001  3.38137E-009  3.69345E-004  1.08106E-019  3.24305E-011  1.00000E-040  1.18783E-038  7.99727E-025  2.32890E-015  1.59909E-007  3.14807E-023  1.96627E-032  1.00000E-040  1.00000E-040  6.53370E-035  2.46323E-020  2.67359E-020  9.71566E-017  1.22201E-013  7.01687E-038  1.00000E-040  4.26577E-014  1.16235E-035  3.12971E-014  8.75619E-029  7.98914E-001  7.36590E-027  2.44535E-025  5.50605E-026  1.00000E-040  2.21270E-038  9.50615E-026  4.35627E-021  1.76716E-008  6.17509E-016  1.79219E-010  4.31299E-015  2.63361E-008  1.94237E-010  5.43565E-006  7.46180E-009  1.44460E-012  5.89956E-016  3.73943E-010  4.84127E-009  4.13363E-011  2.29653E-016  6.35111E-018  1.84760E-022  1.76655E-013  1.00000E-040  7.11735E-010  8.09970E-018  2.88124E-013  8.47988E-021  2.53795E-020  1.17892E-039  1.23066E-037  1.00000E-040  1.00000E-040  3.89875E-011  1.89826E-037  1.09401E-032  7.17080E-022  1.04633E-021  1.37979E-026  5.23777E-030  4.29279E-030  1.49761E-017  5.50684E-016  2.75355E-014  9.36096E-030  2.62546E-036  1.00000E-040  5.83304E-019  6.36847E-035  8.57820E-022  7.21432E-029  4.21865E-022  1.67157E-023  3.59098E-013  4.71567E-023  1.00000E-040  9.65331E-017  1.00000E-040  1.00000E-040  7.13657E-020  1.64171E-038  1.28536E-027  1.67517E-037  8.08788E-016  1.00000E-040  1.00000E-003  1.00000E-005  1.00000E-005  1.00000E-005  1.00000E-005  1.00000E-005  1.00000E-005  1.00000E-005  1.00000E-005  1.00000E-005  1.00000E-005  1.00000E-005  1.00000E-005  1.00000E-005  1.00000E-005  1.00000E-005  
3.95000E+001  3.20945E-003  9.35344E+016  2.48528E+002  3.69236E+004  1.00000E-040  1.00000E-040  1.00000E-040  1.62166E-026  1.00000E-040  1.00000E-040  1.00000E-040  1.00000E-040  1.00000E-040  1.00000E-040  1.00000E-040  1.00000E-040  1.00000E-040  1.00000E-040  2.27122E-027  1.00000E-040  1.02247E-040  4.98929E-015  2.48544E-007  5.03837E-005  4.39717E-010  2.85482E-009  2.00655E-001  3.13934E-009  3.69326E-004  1.33018E-019  2.99466E-011  1.00000E-040  4.72776E-038  1.53982E-024  3.28246E-015  1.35302E-007  2.07228E-023  3.33346E-033  1.00000E-040  1.00000E-040  6.52428E-035  1.47562E-020  2.02961E-020  6.28530E-017  6.64547E-014  5.90501E-038  1.00000E-040  1.32667E-014  2.23694E-035  3.39147E-014  2.17300E-028  7.98919E-001  1.38640E-026  3.65276E-025  8.62135E-026  1.00000E-040  3.98639E-038  1.31098E-025  5.62669E-021  1.98426E-008  5.16876E-016  1.87996E-010  4.36233E-015  2.20081E-008  1.60422E-010  5.08877E-006  6.73302E-009  1.32477E-012  5.62317E-016  3.52116E-010  3.71767E-009  4.14019E-011  1.51327E-016  6.10964E-018  1.17875E-022  1.35725E-013  1.00000E-040  7.18881E-010  1.13641E-017  4.03806E-013  1.20814E-020  3.73496E-020  1.53902E-039  1.92263E-037  1.00000E-040  1.00000E-040  3.17508E-011  1.81416E-037  1.92637E-032  9.34894E-022  1.29729E-021  2.76213E-026  8.71946E-030  1.04240E-029  7.19821E-018  6.14778E-016  2.15935E-014  1.54396E-029  8.63201E-036  1.00000E-040  5.37335E-019  1.00106E-034  1.12218E-021  8.16117E-029  4.21595E-022  1.69051E-023  3.31183E-013  2.81084E-023  1.00000E-040  1.03501E-016  1.00000E-040  1.00000E-040  1.05246E-019  2.72608E-038  1.56075E-027  1.84199E-037  1.09820E-015  1.00000E-040  1.00000E-003  1.00000E-005  1.00000E-005  1.00000E-005  1.00000E-005  1.00000E-005  1.00000E-005  1.00000E-005  1.00000E-005  1.00000E-005  1.00000E-005  1.00000E-005  1.00000E-005  1.00000E-005  1.00000E-005  1.00000E-005  
4.05000E+001  2.80481E-003  8.08426E+016  2.51293E+002  4.09595E+004  1.00000E-040  1.00000E-040  1.00000E-040  3.84854E-026  1.00000E-040  1.00000E-040  1.00000E-040  1.00000E-040  1.00000E-040  1.00000E-040  1.00000E-040  1.00000E-040  1.00000E-040  1.00000E-040  2.29291E-027  1.00000E-040  1.02292E-040  1.14960E-014  2.19486E-007  5.04437E-005  5.82517E-010  4.27796E-009  2.00650E-001  2.89368E-009  3.69303E-004  1.62124E-019  2.73405E-011  1.00000E-040  1.93982E-037  2.91756E-024  4.56148E-015  1.13817E-007  1.38342E-023  5.42482E-034  1.00000E-040  1.00000E-040  6.51457E-035  8.66654E-021  1.51279E-020  4.05332E-017  3.67756E-014  4.90115E-038  1.00000E-040  3.90199E-015  4.26327E-035  3.66706E-014  5.41371E-028  7.98925E-001  2.60233E-026  5.32951E-025  1.36081E-025  1.00000E-040  6.59111E-038  1.68991E-025  6.90318E-021  2.18980E-008  4.20920E-016  1.95866E-010  4.39635E-015  1.84411E-008  1.32796E-010  4.73573E-006  5.85693E-009  1.19634E-012  5.52872E-016  3.26499E-010  2.78883E-009  4.14207E-011  1.01591E-016  5.92207E-018  7.60667E-023  1.04476E-013  1.00000E-040  7.24668E-010  1.54972E-017  5.57402E-013  1.67021E-020  5.32770E-020  1.92930E-039  2.78885E-037  1.00000E-040  1.00000E-040  2.58588E-011  1.73253E-037  3.21734E-032  1.17889E-021  1.56340E-021  5.43646E-026  1.33498E-029  2.55244E-029  3.36717E-018  6.78730E-016  1.68218E-014  2.55798E-029  2.82802E-035  1.00000E-040  4.97307E-019  1.46096E-034  1.42064E-021  8.53908E-029  4.21135E-022  1.60642E-023  2.96834E-013  1.70457E-023  1.00000E-040  1.10734E-016  1.00000E-040  1.00000E-040  1.52952E-019  4.34987E-038  1.89620E-027  1.99539E-037  1.48487E-015  1.00000E-040  1.00000E-003  1.00000E-005  1.00000E-005  1.00000E-005  1.00000E-005  1.00000E-005  1.00000E-005  1.00000E-005  1.00000E-005  1.00000E-005  1.00000E-005  1.00000E-005  1.00000E-005  1.00000E-005  1.00000E-005  1.00000E-005  
4.15000E+001  2.45493E-003  6.99879E+016  2.54058E+002  4.52434E+004  1.00000E-040  1.00000E-040  1.00000E-040  9.07604E-026  1.00000E-040  1.00000E-040  1.00000E-040  1.00000E-040  1.00000E-040  1.00000E-040  1.00000E-040  1.00000E-040  1.00000E-040  1.00000E-040  2.31443E-027  1.00000E-040  1.02339E-040  2.64305E-014  1.93890E-007  5.04938E-005  7.66254E-010  6.40172E-009  2.00645E-001  2.65146E-009  3.69275E-004  1.94594E-019  2.46434E-011  1.00000E-040  7.95563E-037  5.36968E-024  6.20487E-015  9.52074E-008  9.92488E-024  9.24202E-035  1.00000E-040  1.00000E-040  6.50450E-035  5.21884E-021  1.15348E-020  2.75590E-017  2.19147E-014  4.22894E-038  1.00000E-040  1.08891E-015  8.00716E-035  3.95857E-014  1.34185E-027  7.98930E-001  4.85436E-026  7.57530E-025  2.15815E-025  1.00000E-040  9.90002E-038  2.01134E-025  7.96777E-021  2.37789E-008  3.33966E-016  2.02765E-010  4.41628E-015  1.54925E-008  1.11060E-010  4.38430E-006  4.91982E-009  1.05768E-012  5.91884E-016  2.98444E-010  2.03423E-009  4.14173E-011  7.04717E-017  5.75002E-018  4.90771E-023  8.01246E-014  1.00000E-040  7.29341E-010  2.04257E-017  7.52932E-013  2.22565E-020  7.31883E-020  2.27103E-039  3.70993E-037  1.00000E-040  1.00000E-040  2.10706E-011  1.73969E-037  5.01903E-032  1.42762E-021  1.81592E-021  1.03850E-025  1.85120E-029  6.21778E-029  1.61030E-018  7.35579E-016  1.30448E-014  4.21970E-029  9.16805E-035  1.00000E-040  4.59814E-019  1.94477E-034  1.72759E-021  8.16220E-029  4.20349E-022  1.41946E-023  2.56231E-013  1.10656E-023  1.00000E-040  1.18271E-016  1.00000E-040  1.00000E-040  2.16219E-019  6.59151E-038  2.28768E-027  2.11427E-037  1.98853E-015  1.00000E-040  1.00000E-003  1.00000E-005  1.00000E-005  1.00000E-005  1.00000E-005  1.00000E-005  1.00000E-005  1.00000E-005  1.00000E-005  1.00000E-005  1.00000E-005  1.00000E-005  1.00000E-005  1.00000E-005  1.00000E-005  1.00000E-005  
4.25000E+001  2.15189E-003  6.06884E+016  2.56822E+002  5.04607E+004  1.00000E-040  1.00000E-040  1.00000E-040  2.12680E-025  1.00000E-040  1.00000E-040  1.00000E-040  1.00000E-040  1.00000E-040  1.00000E-040  1.00000E-040  1.00000E-040  1.00000E-040  1.00000E-040  2.33578E-027  1.00000E-040  1.02387E-040  5.95517E-014  1.71969E-007  5.05339E-005  9.92107E-010  9.50622E-009  2.00640E-001  2.42379E-009  3.69243E-004  2.28546E-019  2.19378E-011  1.00000E-040  3.11814E-036  9.42979E-024  8.18715E-015  7.93872E-008  8.44761E-024  1.99334E-035  1.00000E-040  1.00000E-040  6.49411E-035  3.54425E-021  9.81926E-021  2.18055E-017  1.55040E-014  4.14959E-038  1.00000E-040  2.90875E-016  1.46890E-034  4.26550E-014  3.26443E-027  7.98936E-001  8.94057E-026  1.04813E-024  3.43173E-025  1.00000E-040  1.33131E-037  2.17402E-025  8.53591E-021  2.54216E-008  2.59145E-016  2.09066E-010  4.42341E-015  1.30665E-008  9.48215E-011  4.04329E-006  4.00636E-009  9.10043E-013  7.27712E-016  2.69073E-010  1.43733E-009  4.14027E-011  5.16350E-017  5.54255E-018  3.11185E-023  6.07284E-014  1.00000E-040  7.33102E-010  2.57946E-017  9.86443E-013  2.82950E-020  9.58673E-020  2.44076E-039  4.45296E-037  1.00000E-040  1.00000E-040  1.71856E-011  2.00945E-037  7.15223E-032  1.64207E-021  2.02354E-021  1.89132E-025  2.28507E-029  1.48000E-028  8.68634E-019  7.75453E-016  1.01164E-014  6.84952E-029  2.89257E-034  1.00000E-040  4.20940E-019  2.30345E-034  1.99517E-021  7.01550E-029  4.19049E-022  1.14882E-023  2.11728E-013  8.40593E-024  1.00000E-040  1.26075E-016  1.00000E-040  1.00000E-040  2.92072E-019  9.41627E-038  2.71855E-027  2.17514E-037  2.62001E-015  1.00000E-040  1.00000E-003  1.00000E-005  1.00000E-005  1.00000E-005  1.00000E-005  1.00000E-005  1.00000E-005  1.00000E-005  1.00000E-005  1.00000E-005  1.00000E-005  1.00000E-005  1.00000E-005  1.00000E-005  1.00000E-005  1.00000E-005  
4.35000E+001  1.88901E-003  5.27076E+016  2.59584E+002  5.66265E+004  1.00000E-040  1.00000E-040  1.00000E-040  4.95215E-025  1.00000E-040  1.00000E-040  1.00000E-040  1.00000E-040  1.00000E-040  1.00000E-040  1.00000E-040  1.00000E-040  1.00000E-040  1.00000E-040  2.35698E-027  1.00000E-040  1.02437E-040  1.29146E-013  1.53927E-007  5.05641E-005  1.25324E-009  1.39075E-008  2.00634E-001  2.22223E-009  3.69207E-004  2.61514E-019  1.93290E-011  1.00000E-040  1.11786E-035  1.55362E-023  1.03941E-014  6.62671E-008  9.27148E-024  7.48009E-036  1.00000E-040  1.00000E-040  6.48349E-035  2.96972E-021  1.01161E-020  2.18768E-017  1.41451E-014  4.99000E-038  1.00000E-040  7.53741E-017  2.60812E-034  4.58552E-014  7.69692E-027  7.98942E-001  1.61347E-025  1.41363E-024  5.46849E-025  1.00000E-040  1.58380E-037  2.10468E-025  8.39180E-021  2.67811E-008  1.98538E-016  2.15350E-010  4.41958E-015  1.10868E-008  8.31302E-011  3.71618E-006  3.18158E-009  7.58359E-013  1.01812E-015  2.39492E-010  9.82572E-010  4.13817E-011  4.08406E-017  5.26217E-018  1.90837E-023  4.51232E-014  1.04225E-040  7.36121E-010  3.09474E-017  1.24311E-012  3.39756E-020  1.18565E-019  2.33208E-039  4.76452E-037  1.00000E-040  1.00000E-040  1.40351E-011  2.87727E-037  9.12462E-032  1.77610E-021  2.16761E-021  3.22901E-025  2.47989E-029  3.38115E-028  5.79180E-019  7.88733E-016  7.88788E-015  1.08179E-028  8.69111E-034  1.00000E-040  3.77904E-019  2.37436E-034  2.16585E-021  5.37809E-029  4.17031E-022  8.41268E-024  1.67279E-013  8.04583E-024  1.00000E-040  1.34055E-016  1.00000E-040  1.00000E-040  3.70708E-019  1.27421E-037  3.15870E-027  2.16186E-037  3.37436E-015  1.00000E-040  1.00000E-003  1.00000E-005  1.00000E-005  1.00000E-005  1.00000E-005  1.00000E-005  1.00000E-005  1.00000E-005  1.00000E-005  1.00000E-005  1.00000E-005  1.00000E-005  1.00000E-005  1.00000E-005  1.00000E-005  1.00000E-005  
4.45000E+001  1.66061E-003  4.58468E+016  2.62346E+002  6.31476E+004  1.00000E-040  1.00000E-040  1.00000E-040  1.14583E-024  1.00000E-040  1.00000E-040  1.00000E-040  1.00000E-040  1.00000E-040  1.00000E-040  1.00000E-040  1.00000E-040  1.00000E-040  1.00000E-040  2.37804E-027  1.00000E-040  1.02487E-040  2.65745E-013  1.39677E-007  5.05852E-005  1.53468E-009  1.99130E-008  2.00628E-001  2.05308E-009  3.69168E-004  2.90781E-019  1.68796E-011  1.00000E-040  3.54352E-035  2.36968E-023  1.26093E-014  5.55655E-008  1.25911E-023  5.89121E-036  1.00000E-040  1.00000E-040  6.47265E-035  2.98865E-021  1.21853E-020  2.68730E-017  1.60075E-014  7.01492E-038  1.00000E-040  1.91064E-017  4.45496E-034  4.91857E-014  1.85587E-026  7.98948E-001  2.83478E-025  1.86449E-024  8.73408E-025  1.00000E-040  1.65877E-037  1.81291E-025  7.52688E-021  2.78466E-008  1.52436E-016  2.22075E-010  4.40716E-015  9.47002E-009  7.46650E-011  3.40103E-006  2.48130E-009  6.10616E-013  1.48076E-015  2.10771E-010  6.50816E-010  4.13567E-011  3.50405E-017  4.90194E-018  1.12113E-023  3.26829E-014  1.25551E-040  7.38539E-010  3.50273E-017  1.49670E-012  3.82179E-020  1.37306E-019  1.94356E-039  4.51751E-037  1.00000E-040  1.00000E-040  1.14791E-011  4.86544E-037  1.02951E-031  1.79445E-021  2.25087E-021  5.09973E-025  2.35731E-029  7.30976E-028  4.65535E-019  7.68636E-016  6.19519E-015  1.65004E-028  2.44272E-033  1.00000E-040  3.30532E-019  2.10351E-034  2.19480E-021  3.72226E-029  4.14127E-022  5.54659E-024  1.26626E-013  9.27431E-024  1.00000E-040  1.42166E-016  1.00000E-040  1.00000E-040  4.36363E-019  1.66089E-037  3.57420E-027  2.07343E-037  4.22611E-015  1.00000E-040  1.00000E-003  1.00000E-005  1.00000E-005  1.00000E-005  1.00000E-005  1.00000E-005  1.00000E-005  1.00000E-005  1.00000E-005  1.00000E-005  1.00000E-005  1.00000E-005  1.00000E-005  1.00000E-005  1.00000E-005  1.00000E-005  
4.55000E+001  1.46186E-003  3.99392E+016  2.65107E+002  6.93048E+004  1.00000E-040  1.00000E-040  1.00000E-040  2.63477E-024  1.00000E-040  1.00000E-040  1.00000E-040  1.00000E-040  1.00000E-040  1.00000E-040  1.00000E-040  1.00000E-040  1.00000E-040  1.00000E-040  2.39896E-027  1.00000E-040  1.02539E-040  5.14720E-013  1.28933E-007  5.05981E-005  1.81690E-009  2.77739E-008  2.00622E-001  1.91658E-009  3.69125E-004  3.13949E-019  1.46096E-011  1.00000E-040  9.74187E-035  3.32033E-023  1.45429E-014  4.68751E-008  1.87366E-023  7.27008E-036  1.00000E-040  1.00000E-040  6.46148E-035  3.24788E-021  1.53832E-020  3.60236E-017  1.99538E-014  1.01862E-037  1.00000E-040  4.72710E-018  7.30755E-034  5.26833E-014  8.77880E-026  7.98955E-001  4.83048E-025  2.41460E-024  1.39592E-024  1.00000E-040  1.53239E-037  1.38986E-025  6.15583E-021  2.86379E-008  1.19484E-016  2.29419E-010  4.38857E-015  8.13268E-009  6.81742E-011  3.09520E-006  1.91412E-009  4.75684E-013  2.04129E-015  1.83782E-010  4.19009E-010  4.13288E-011  3.20279E-017  4.48397E-018  6.30045E-024  2.30244E-014  1.50871E-040  7.40470E-010  3.71845E-017  1.71414E-012  4.00125E-020  1.47875E-019  1.39638E-039  3.79276E-037  1.00000E-040  1.00000E-040  9.40373E-012  8.56297E-037  1.02394E-031  1.68725E-021  2.29385E-021  7.39352E-025  1.96994E-029  1.48366E-027  4.07170E-019  7.14062E-016  4.88820E-015  2.42477E-028  6.34658E-033  1.00000E-040  2.81068E-019  1.59880E-034  2.06842E-021  2.44192E-029  4.10244E-022  3.29927E-024  9.21620E-014  1.14026E-023  1.00000E-040  1.50440E-016  1.00000E-040  1.00000E-040  4.72898E-019  2.13308E-037  3.93743E-027  1.92230E-037  5.13126E-015  1.00000E-040  1.00000E-003  1.00000E-005  1.00000E-005  1.00000E-005  1.00000E-005  1.00000E-005  1.00000E-005  1.00000E-005  1.00000E-005  1.00000E-005  1.00000E-005  1.00000E-005  1.00000E-005  1.00000E-005  1.00000E-005  1.00000E-005  
4.65000E+001  1.28864E-003  3.48496E+016  2.67825E+002  7.77766E+004  1.00000E-040  1.00000E-040  1.00000E-040  6.02060E-024  1.00000E-040  1.00000E-040  1.00000E-040  1.00000E-040  1.00000E-040  1.00000E-040  1.00000E-040  1.00000E-040  1.00000E-040  1.00000E-040  2.41945E-027  1.00000E-040  1.02593E-040  9.37956E-013  1.21563E-007  5.06035E-005  2.08298E-009  3.76935E-008  2.00616E-001  1.81060E-009  3.69078E-004  3.30722E-019  1.25625E-011  1.00000E-040  2.32074E-034  4.28096E-023  1.59529E-014  3.99333E-008  2.78159E-023  9.76491E-036  1.00000E-040  1.00000E-040  6.45001E-035  3.51470E-021  1.88011E-020  4.82038E-017  2.49635E-014  1.39609E-037  1.00000E-040  1.15106E-018  1.14848E-033  5.63373E-014  1.32320E-024  7.98961E-001  7.95731E-025  3.07245E-024  2.20398E-024  1.00000E-040  1.25754E-037  9.53865E-026  4.60378E-021  2.91931E-008  9.75564E-017  2.37402E-010  4.36640E-015  7.02679E-009  6.28328E-011  2.80271E-006  1.46994E-009  3.60782E-013  2.54242E-015  1.59214E-010  2.64308E-010  4.12992E-011  3.04008E-017  4.05208E-018  3.42328E-024  1.58459E-014  1.80857E-040  7.41997E-010  3.68672E-017  1.86586E-012  3.87950E-020  1.47277E-019  8.65996E-040  2.82352E-037  1.00000E-040  1.00000E-040  7.72613E-012  1.42823E-036  9.01432E-032  1.47355E-021  2.32068E-021  9.85126E-025  1.45903E-029  2.81872E-027  3.59538E-019  6.33441E-016  3.86615E-015  3.43288E-028  1.49409E-032  1.00000E-040  2.33666E-019  1.05218E-034  1.80935E-021  1.68541E-029  4.05477E-022  1.78293E-024  6.49072E-014  1.36596E-023  1.00000E-040  1.58789E-016  1.00000E-040  1.00000E-040  4.72479E-019  2.74723E-037  4.22872E-027  1.73152E-037  6.04504E-015  1.00000E-040  1.00000E-003  1.00000E-005  1.00000E-005  1.00000E-005  1.00000E-005  1.00000E-005  1.00000E-005  1.00000E-005  1.00000E-005  1.00000E-005  1.00000E-005  1.00000E-005  1.00000E-005  1.00000E-005  1.00000E-005  1.00000E-005  
4.75000E+001  1.13731E-003  3.05068E+016  2.70023E+002  8.59334E+004  1.00000E-040  1.00000E-040  1.00000E-040  1.36548E-023  1.00000E-040  1.00000E-040  1.00000E-040  1.00000E-040  1.00000E-040  1.00000E-040  1.00000E-040  1.00000E-040  1.00000E-040  1.00000E-040  2.43612E-027  1.00000E-040  1.02648E-040  1.60856E-012  1.17371E-007  5.06023E-005  2.32827E-009  4.98069E-008  2.00610E-001  1.72479E-009  3.69029E-004  3.39741E-019  1.06968E-011  1.00000E-040  4.75386E-034  5.05532E-023  1.65237E-014  3.44748E-008  3.95166E-023  1.25011E-035  1.00000E-040  1.00000E-040  6.43831E-035  3.71201E-021  2.19302E-020  6.27469E-017  3.00710E-014  1.73210E-037  1.00000E-040  2.79455E-019  1.66930E-033  6.01308E-014  2.10774E-023  7.98968E-001  1.24067E-024  3.75354E-024  3.32560E-024  1.00000E-040  9.22524E-038  5.89915E-026  3.15617E-021  2.95593E-008  8.41136E-017  2.45808E-010  4.34310E-015  6.11272E-009  5.84335E-011  2.54260E-006  1.12742E-009  2.68706E-013  2.82758E-015  1.38184E-010  1.65761E-010  4.12692E-011  2.95476E-017  3.68290E-018  1.88185E-024  1.09426E-014  2.06396E-040  7.43121E-010  3.38505E-017  1.91857E-012  3.44337E-020  1.33800E-019  4.69430E-040  1.78997E-037  1.00000E-040  1.00000E-040  6.44518E-012  2.14077E-036  7.05748E-032  1.18490E-021  2.32243E-021  1.19409E-024  9.57271E-030  4.87375E-027  3.18219E-019  5.40363E-016  3.06145E-015  4.64319E-028  3.11010E-032  1.00000E-040  1.99841E-019  6.16384E-035  1.45696E-021  1.37599E-029  4.00046E-022  8.90986E-025  4.43619E-014  1.55470E-023  1.00000E-040  1.67115E-016  1.00000E-040  1.00000E-040  4.33339E-019  3.48466E-037  4.45027E-027  1.52618E-037  6.95793E-015  1.00000E-040  1.00000E-003  1.00000E-005  1.00000E-005  1.00000E-005  1.00000E-005  1.00000E-005  1.00000E-005  1.00000E-005  1.00000E-005  1.00000E-005  1.00000E-005  1.00000E-005  1.00000E-005  1.00000E-005  1.00000E-005  1.00000E-005  
4.85000E+001  1.00447E-003  2.68875E+016  2.70584E+002  9.44520E+004  1.00000E-040  1.00000E-040  1.00000E-040  3.06748E-023  1.00000E-040  1.00000E-040  1.00000E-040  1.00000E-040  1.00000E-040  1.00000E-040  1.00000E-040  1.00000E-040  1.00000E-040  1.00000E-040  2.44103E-027  1.00000E-040  1.02705E-040  2.58192E-012  1.16097E-007  5.05952E-005  2.56501E-009  6.40218E-008  2.00603E-001  1.64812E-009  3.68977E-004  3.35552E-019  8.91400E-012  1.00000E-040  8.12436E-034  5.36734E-023  1.58446E-014  3.01935E-008  5.33337E-023  1.54891E-035  1.00000E-040  1.00000E-040  6.42629E-035  3.93597E-021  2.53710E-020  8.17028E-017  3.46352E-014  1.92039E-037  1.00000E-040  6.83031E-020  2.06042E-033  6.40885E-014  2.66035E-022  7.98975E-001  1.74158E-024  4.16326E-024  4.61059E-024  1.00000E-040  6.11998E-038  3.33349E-026  2.00289E-021  2.97818E-008  7.65788E-017  2.53911E-010  4.32029E-015  5.34903E-009  5.51759E-011  2.34112E-006  8.62088E-010  1.97926E-013  2.84206E-015  1.21998E-010  1.05219E-010  4.12393E-011  2.94035E-017  3.45005E-018  1.13081E-024  7.98719E-015  2.01603E-040  7.43791E-010  2.85647E-017  1.84469E-012  2.76201E-020  1.09093E-019  2.27040E-040  8.83403E-038  1.00000E-040  1.00000E-040  5.61238E-012  2.78229E-036  4.96317E-032  8.67204E-022  2.22930E-021  1.27615E-024  5.52731E-030  7.14381E-027  2.96610E-019  4.49150E-016  2.43160E-015  6.15199E-028  5.65885E-032  1.00000E-040  1.96388E-019  3.40398E-035  1.06865E-021  1.30905E-029  3.94151E-022  4.29514E-025  2.94398E-014  1.72513E-023  1.00000E-040  1.75420E-016  1.00000E-040  1.00000E-040  3.59333E-019  4.09658E-037  4.63429E-027  1.32439E-037  7.91679E-015  1.00000E-040  1.00000E-003  1.00000E-005  1.00000E-005  1.00000E-005  1.00000E-005  1.00000E-005  1.00000E-005  1.00000E-005  1.00000E-005  1.00000E-005  1.00000E-005  1.00000E-005  1.00000E-005  1.00000E-005  1.00000E-005  1.00000E-005  
4.95000E+001  8.87305E-004  2.37475E+016  2.70627E+002  1.04333E+005  1.00000E-040  1.00000E-040  1.00000E-040  6.87134E-023  1.00000E-040  1.00000E-040  1.00000E-040  1.00000E-040  1.00000E-040  1.00000E-040  1.00000E-040  1.00000E-040  1.00000E-040  1.00000E-040  2.44222E-027  1.00000E-040  1.02763E-040  3.98662E-012  1.17494E-007  5.05831E-005  2.78687E-009  8.08632E-008  2.00596E-001  1.59400E-009  3.68923E-004  3.27829E-019  7.43571E-012  1.00000E-040  1.26139E-033  5.39616E-023  1.46556E-014  2.68575E-008  6.91149E-023  1.80981E-035  1.00000E-040  1.00000E-040  6.41396E-035  4.08454E-021  2.84076E-020  1.03796E-016  3.84173E-014  1.98055E-037  1.00000E-040  1.70016E-020  2.39135E-033  6.81974E-014  2.58094E-021  7.98982E-001  2.34172E-024  4.46850E-024  6.13506E-024  1.00000E-040  3.80227E-038  1.77236E-026  1.20562E-021  2.98967E-008  7.26803E-017  2.62093E-010  4.29896E-015  4.71084E-009  5.23342E-011  2.16240E-006  6.60087E-010  1.44658E-013  2.69189E-015  1.08100E-010  6.70445E-011  4.12096E-011  2.94782E-017  3.25460E-018  6.94062E-025  5.90093E-015  1.88132E-040  7.44280E-010  2.28625E-017  1.71026E-012  2.08264E-020  8.34865E-020  1.00960E-040  3.90584E-038  1.00000E-040  1.00000E-040  4.95469E-012  3.33290E-036  3.24945E-032  5.99988E-022  2.11809E-021  1.28360E-024  2.96510E-030  9.76589E-027  2.77898E-019  3.65878E-016  1.93278E-015  1.09748E-027  9.43889E-032  1.00000E-040  1.99701E-019  1.76747E-035  7.40658E-022  1.38008E-029  3.88004E-022  1.98713E-025  1.92622E-014  1.83727E-023  1.00000E-040  1.83620E-016  1.00000E-040  1.00000E-040  2.82210E-019  4.80986E-037  4.84144E-027  1.13889E-037  8.88644E-015  1.00000E-040  1.00000E-003  1.00000E-005  1.00000E-005  1.00000E-005  1.00000E-005  1.00000E-005  1.00000E-005  1.00000E-005  1.00000E-005  1.00000E-005  1.00000E-005  1.00000E-005  1.00000E-005  1.00000E-005  1.00000E-005  1.00000E-005  
5.05000E+001  7.83843E-004  2.09802E+016  2.70606E+002  1.14364E+005  1.00000E-040  1.00000E-040  1.00000E-040  1.53852E-022  1.00000E-040  1.00000E-040  1.00000E-040  1.00000E-040  1.00000E-040  1.00000E-040  1.00000E-040  1.00000E-040  1.00000E-040  1.00000E-040  2.44292E-027  1.00000E-040  1.02823E-040  5.98981E-012  1.21336E-007  5.05665E-005  2.98908E-009  1.00743E-007  2.00589E-001  1.56740E-009  3.68866E-004  3.20578E-019  6.26629E-012  1.00000E-040  1.84496E-033  5.25370E-023  1.33056E-014  2.42610E-008  8.68343E-023  2.00217E-035  1.00000E-040  1.00000E-040  6.40131E-035  4.12956E-021  3.07271E-020  1.28088E-016  4.13766E-014  1.94517E-037  1.00000E-040  4.33637E-021  2.72013E-033  7.24613E-014  1.95328E-020  7.98989E-001  3.09115E-024  4.76118E-024  7.96479E-024  1.00000E-040  2.26811E-038  9.06811E-027  7.01927E-022  2.99304E-008  7.10548E-017  2.70292E-010  4.27958E-015  4.17526E-009  4.95991E-011  1.99293E-006  5.07133E-010  1.05014E-013  2.45380E-015  9.56369E-011  4.26631E-011  4.11801E-011  2.94677E-017  3.06840E-018  4.23299E-025  4.32986E-015  1.75183E-040  7.44680E-010  1.77181E-017  1.55272E-012  1.51231E-020  6.15238E-020  1.00000E-040  1.65413E-038  1.00000E-040  1.00000E-040  4.38177E-012  3.79507E-036  2.03047E-032  4.02052E-022  2.02310E-021  1.24936E-024  1.52691E-030  1.29407E-026  2.58799E-019  2.93082E-016  1.53943E-015  3.27730E-027  1.46817E-031  1.00000E-040  2.01633E-019  8.71869E-036  4.96880E-022  1.53438E-029  3.81751E-022  8.89828E-026  1.25195E-014  1.87785E-023  1.00000E-040  1.91669E-016  1.00000E-040  1.00000E-040  2.14522E-019  5.81240E-037  5.13428E-027  9.74952E-038  9.83224E-015  1.00000E-040  1.00000E-003  1.00000E-005  1.00000E-005  1.00000E-005  1.00000E-005  1.00000E-005  1.00000E-005  1.00000E-005  1.00000E-005  1.00000E-005  1.00000E-005  1.00000E-005  1.00000E-005  1.00000E-005  1.00000E-005  1.00000E-005  
5.15000E+001  6.92407E-004  1.85609E+016  2.70197E+002  1.24374E+005  1.00000E-040  1.00000E-040  1.00000E-040  3.44044E-022  1.00000E-040  1.00000E-040  1.00000E-040  1.00000E-040  1.00000E-040  1.00000E-040  1.00000E-040  1.00000E-040  1.00000E-040  1.00000E-040  2.44076E-027  1.00000E-040  1.02885E-040  8.76950E-012  1.27484E-007  5.05458E-005  3.17979E-009  1.23977E-007  2.00582E-001  1.56275E-009  3.68807E-004  3.12468E-019  5.31762E-012  1.00000E-040  2.53862E-033  4.94830E-023  1.18231E-014  2.22309E-008  1.06459E-022  2.14880E-035  1.00000E-040  1.00000E-040  6.38823E-035  4.13048E-021  3.27110E-020  1.55942E-016  4.35494E-014  1.83271E-037  1.00000E-040  1.13605E-021  2.96195E-033  7.69137E-014  1.20179E-019  7.98996E-001  3.95454E-024  4.95561E-024  9.89443E-024  1.00000E-040  1.31276E-038  4.51510E-027  3.98807E-022  2.99010E-008  7.07419E-017  2.78272E-010  4.26230E-015  3.72087E-009  4.71267E-011  1.84172E-006  3.90731E-010  7.59601E-014  2.16612E-015  8.48918E-011  2.72590E-011  4.11506E-011  2.95315E-017  2.91039E-018  2.62824E-025  3.21081E-015  1.57564E-040  7.44967E-010  1.33503E-017  1.37885E-012  1.06073E-020  4.37561E-020  1.00000E-040  6.58101E-039  1.00000E-040  1.00000E-040  3.91433E-012  4.11008E-036  1.22377E-032  2.61646E-022  1.92084E-021  1.17104E-024  7.58822E-031  1.63232E-026  2.44158E-019  2.32441E-016  1.23225E-015  1.21402E-026  2.10525E-031  1.00000E-040  2.09791E-019  4.19233E-036  3.23628E-022  1.71523E-029  3.75455E-022  3.92816E-026  8.09472E-015  1.87468E-023  1.00000E-040  1.99585E-016  1.00000E-040  1.00000E-040  1.57744E-019  7.10056E-037  5.57067E-027  8.32553E-038  1.07789E-014  1.00000E-040  1.00000E-003  1.00000E-005  1.00000E-005  1.00000E-005  1.00000E-005  1.00000E-005  1.00000E-005  1.00000E-005  1.00000E-005  1.00000E-005  1.00000E-005  1.00000E-005  1.00000E-005  1.00000E-005  1.00000E-005  1.00000E-005  
5.25000E+001  6.11327E-004  1.65124E+016  2.68152E+002  1.34384E+005  1.00000E-040  1.00000E-040  1.00000E-040  7.66155E-022  1.00000E-040  1.00000E-040  1.00000E-040  1.00000E-040  1.00000E-040  1.00000E-040  1.00000E-040  1.00000E-040  1.00000E-040  1.00000E-040  2.42661E-027  1.00000E-040  1.02949E-040  1.23639E-011  1.35847E-007  5.05213E-005  3.38444E-009  1.50271E-007  2.00574E-001  1.57276E-009  3.68744E-004  2.96698E-019  4.47971E-012  1.00000E-040  3.15050E-033  4.40383E-023  1.00687E-014  2.06432E-008  1.27936E-022  2.35032E-035  1.00000E-040  1.00000E-040  6.37463E-035  4.23293E-021  3.57282E-020  1.94561E-016  4.50133E-014  1.65280E-037  1.00000E-040  3.09332E-022  2.78384E-033  8.15767E-014  6.47988E-019  7.99004E-001  4.61477E-024  4.71672E-024  1.12740E-023  1.00000E-040  7.45037E-039  2.21942E-027  2.23861E-022  2.98220E-008  7.08490E-017  2.85161E-010  4.24714E-015  3.33258E-009  4.53398E-011  1.73142E-006  3.00458E-010  5.50062E-014  1.85399E-015  7.67884E-011  1.77645E-011  4.11206E-011  3.00754E-017  2.81580E-018  1.77993E-025  2.54153E-015  1.21290E-040  7.45047E-010  9.76577E-018  1.18584E-012  7.14084E-021  2.97824E-020  1.00000E-040  2.22548E-039  1.00000E-040  1.00000E-040  3.64651E-012  4.12238E-036  7.17914E-033  1.63937E-022  1.72186E-021  1.01717E-024  3.59788E-031  1.79414E-026  2.45421E-019  1.85623E-016  1.00117E-015  4.33042E-026  2.72895E-031  1.00000E-040  2.53894E-019  2.08875E-036  2.02968E-022  1.81346E-029  3.69173E-022  1.79299E-026  5.21555E-015  1.90034E-023  1.00000E-040  2.07361E-016  1.00000E-040  1.00000E-040  1.09966E-019  8.13267E-037  6.20359E-027  7.10264E-038  1.18332E-014  1.00000E-040  1.00000E-003  1.00000E-005  1.00000E-005  1.00000E-005  1.00000E-005  1.00000E-005  1.00000E-005  1.00000E-005  1.00000E-005  1.00000E-005  1.00000E-005  1.00000E-005  1.00000E-005  1.00000E-005  1.00000E-005  1.00000E-005  
5.35000E+001  5.39169E-004  1.47109E+016  2.65462E+002  1.44391E+005  1.00000E-040  1.00000E-040  1.00000E-040  1.70965E-021  1.00000E-040  1.00000E-040  1.00000E-040  1.00000E-040  1.00000E-040  1.00000E-040  1.00000E-040  1.00000E-040  1.00000E-040  1.00000E-040  2.40706E-027  1.00000E-040  1.03017E-040  1.71027E-011  1.46334E-007  5.04932E-005  3.59458E-009  1.80639E-007  2.00566E-001  1.60418E-009  3.68679E-004  2.79797E-019  3.79220E-012  1.00000E-040  3.72603E-033  3.82106E-023  8.42988E-015  1.93975E-008  1.51920E-022  2.55320E-035  1.00000E-040  1.00000E-040  6.36043E-035  4.33410E-021  3.89501E-020  2.42573E-016  4.59444E-014  1.45833E-037  1.00000E-040  8.80133E-023  2.45247E-033  8.64683E-014  3.03371E-018  7.99012E-001  5.16671E-024  4.32624E-024  1.22274E-023  1.00000E-040  4.18163E-039  1.08146E-027  1.24501E-022  2.97030E-008  7.11256E-017  2.91471E-010  4.23382E-015  2.99920E-009  4.38263E-011  1.63738E-006  2.30980E-010  3.97762E-014  1.55932E-015  6.99314E-011  1.16954E-011  4.10898E-011  3.08799E-017  2.74545E-018  1.24771E-025  2.06452E-015  1.00000E-040  7.45042E-010  7.03276E-018  1.00307E-012  4.70263E-021  1.98306E-020  1.00000E-040  7.01507E-040  1.00000E-040  1.00000E-040  3.45432E-012  3.98938E-036  4.13914E-033  1.00723E-022  1.50431E-021  8.54313E-025  1.66716E-031  1.85244E-026  2.51724E-019  1.48567E-016  8.22998E-016  1.37235E-025  3.32254E-031  1.00000E-040  3.26864E-019  1.04922E-036  1.24761E-022  1.87537E-029  3.62933E-022  8.25147E-027  3.35974E-015  1.92241E-023  1.00000E-040  2.14967E-016  1.00000E-040  1.00000E-040  7.45055E-020  9.21123E-037  7.08366E-027  6.06044E-038  1.29563E-014  1.00000E-040  1.00000E-003  1.00000E-005  1.00000E-005  1.00000E-005  1.00000E-005  1.00000E-005  1.00000E-005  1.00000E-005  1.00000E-005  1.00000E-005  1.00000E-005  1.00000E-005  1.00000E-005  1.00000E-005  1.00000E-005  1.00000E-005  
5.45000E+001  4.74931E-004  1.30940E+016  2.62709E+002  1.54399E+005  1.00000E-040  1.00000E-040  1.00000E-040  3.83468E-021  1.00000E-040  1.00000E-040  1.00000E-040  1.00000E-040  1.00000E-040  1.00000E-040  1.00000E-040  1.00000E-040  1.00000E-040  1.00000E-040  2.38532E-027  1.00000E-040  1.03088E-040  2.34224E-011  1.58912E-007  5.04615E-005  3.80073E-009  2.15938E-007  2.00558E-001  1.66396E-009  3.68609E-004  2.64737E-019  3.24574E-012  1.00000E-040  4.32098E-033  3.28573E-023  7.03370E-015  1.84137E-008  1.79241E-022  2.72773E-035  1.00000E-040  1.00000E-040  6.34552E-035  4.37729E-021  4.18445E-020  2.98516E-016  4.65095E-014  1.27554E-037  1.00000E-040  2.61613E-023  2.12726E-033  9.16199E-014  1.23000E-017  7.99021E-001  5.71444E-024  3.94630E-024  1.29853E-023  1.00000E-040  2.33932E-039  5.25224E-028  6.90183E-023  2.95501E-008  7.14607E-017  2.97371E-010  4.22201E-015  2.71115E-009  4.23100E-011  1.54554E-006  1.77759E-010  2.86536E-014  1.30050E-015  6.36320E-011  7.70195E-012  4.10578E-011  3.16407E-017  2.67686E-018  8.72885E-026  1.67415E-015  1.00000E-040  7.45012E-010  5.04424E-018  8.43652E-013  3.07486E-021  1.31240E-020  1.00000E-040  2.18820E-040  1.00000E-040  1.00000E-040  3.27693E-012  3.81498E-036  2.36732E-033  6.16041E-023  1.30930E-021  7.10078E-025  7.68431E-032  1.87621E-026  2.57936E-019  1.18658E-016  6.83109E-016  3.80649E-025  3.90919E-031  1.00000E-040  4.23830E-019  5.23802E-037  7.62977E-023  1.93449E-029  3.56731E-022  3.79007E-027  2.16772E-015  1.92154E-023  1.00000E-040  2.22390E-016  1.00000E-040  1.00000E-040  4.98109E-020  1.05995E-036  8.25844E-027  5.17457E-038  1.40961E-014  1.00000E-040  1.00000E-003  1.00000E-005  1.00000E-005  1.00000E-005  1.00000E-005  1.00000E-005  1.00000E-005  1.00000E-005  1.00000E-005  1.00000E-005  1.00000E-005  1.00000E-005  1.00000E-005  1.00000E-005  1.00000E-005  1.00000E-005  
5.55000E+001  4.17804E-004  1.16410E+016  2.59956E+002  1.64405E+005  1.00000E-040  1.00000E-040  1.00000E-040  8.64877E-021  1.00000E-040  1.00000E-040  1.00000E-040  1.00000E-040  1.00000E-040  1.00000E-040  1.00000E-040  1.00000E-040  1.00000E-040  1.00000E-040  2.36020E-027  1.00000E-040  1.03164E-040  3.18185E-011  1.73601E-007  5.04263E-005  4.00176E-009  2.56870E-007  2.00549E-001  1.75634E-009  3.68535E-004  2.51400E-019  2.80735E-012  1.00000E-040  4.93807E-033  2.80786E-023  5.86019E-015  1.76310E-008  2.10760E-022  2.87699E-035  1.00000E-040  1.00000E-040  6.32976E-035  4.36131E-021  4.43568E-020  3.62892E-016  4.68276E-014  1.11107E-037  1.00000E-040  8.11252E-024  1.82779E-033  9.70708E-014  4.37198E-017  7.99030E-001  6.26644E-024  3.59459E-024  1.36090E-023  1.00000E-040  1.31252E-039  2.55754E-028  3.83721E-023  2.93670E-008  7.17403E-017  3.02813E-010  4.21137E-015  2.46058E-009  4.07466E-011  1.45461E-006  1.36991E-010  2.05642E-014  1.07979E-015  5.77912E-011  5.05884E-012  4.10242E-011  3.22350E-017  2.60621E-018  6.05809E-026  1.34972E-015  1.00000E-040  7.44962E-010  3.62669E-018  7.07927E-013  2.01043E-021  8.69381E-021  1.00000E-040  1.00000E-040  1.00000E-040  1.00000E-040  3.10752E-012  3.62506E-036  1.35263E-033  3.77684E-023  1.13826E-021  5.86107E-025  3.54979E-032  1.87433E-026  2.63773E-019  9.45562E-017  5.72441E-016  9.30785E-025  4.49399E-031  1.00000E-040  5.50537E-019  2.61014E-037  4.67517E-023  1.99215E-029  3.50551E-022  1.74534E-027  1.40144E-015  1.90115E-023  1.00000E-040  2.29632E-016  1.00000E-040  1.00000E-040  3.29717E-020  1.23451E-036  9.77412E-027  4.42187E-038  1.52388E-014  1.00000E-040  1.00000E-003  1.00000E-005  1.00000E-005  1.00000E-005  1.00000E-005  1.00000E-005  1.00000E-005  1.00000E-005  1.00000E-005  1.00000E-005  1.00000E-005  1.00000E-005  1.00000E-005  1.00000E-005  1.00000E-005  1.00000E-005  
5.65000E+001  3.67061E-004  1.03365E+016  2.57205E+002  1.74410E+005  1.00000E-040  1.00000E-040  1.00000E-040  1.96165E-020  1.00000E-040  1.00000E-040  1.00000E-040  1.00000E-040  1.00000E-040  1.00000E-040  1.00000E-040  1.00000E-040  1.00000E-040  1.00000E-040  2.32930E-027  1.00000E-040  1.03244E-040  4.29523E-011  1.90458E-007  5.03874E-005  4.19910E-009  3.04360E-007  2.00539E-001  1.88505E-009  3.68456E-004  2.39504E-019  2.45037E-012  1.00000E-040  5.57807E-033  2.38753E-023  4.87738E-015  1.70042E-008  2.47447E-022  3.00338E-035  1.00000E-040  1.00000E-040  6.31305E-035  4.29013E-021  4.64629E-020  4.36335E-016  4.69793E-014  9.65938E-038  1.00000E-040  2.62047E-024  1.55741E-033  1.02863E-013  1.38001E-016  7.99040E-001  6.82070E-024  3.27241E-024  1.41106E-023  1.00000E-040  7.41395E-040  1.25341E-028  2.14720E-023  2.91558E-008  7.19043E-017  3.07822E-010  4.20166E-015  2.24130E-009  3.91496E-011  1.36554E-006  1.05741E-010  1.47133E-014  8.94192E-016  5.23859E-011  3.31345E-012  4.09885E-011  3.26456E-017  2.53355E-018  4.17149E-026  1.08217E-015  1.00000E-040  7.44891E-010  2.62367E-018  5.93287E-013  1.31956E-021  5.78681E-021  1.00000E-040  1.00000E-040  1.00000E-040  1.00000E-040  2.94552E-012  3.42987E-036  7.75582E-034  2.32952E-023  9.88479E-022  4.81026E-025  1.65027E-032  1.84982E-026  2.69156E-019  7.51932E-017  4.84039E-016  2.02780E-024  5.07334E-031  1.00000E-040  7.18019E-019  1.30421E-037  2.88109E-023  2.04695E-029  3.44376E-022  8.08528E-028  9.07419E-016  1.86668E-023  1.00000E-040  2.36698E-016  1.00000E-040  1.00000E-040  2.16371E-020  1.44616E-036  1.16771E-026  3.78214E-038  1.63856E-014  1.00000E-040  1.00000E-003  1.00000E-005  1.00000E-005  1.00000E-005  1.00000E-005  1.00000E-005  1.00000E-005  1.00000E-005  1.00000E-005  1.00000E-005  1.00000E-005  1.00000E-005  1.00000E-005  1.00000E-005  1.00000E-005  1.00000E-005  
5.75000E+001  3.22044E-004  9.16690E+015  2.54454E+002  1.84415E+005  1.00000E-040  1.00000E-040  1.00000E-040  4.47473E-020  1.00000E-040  1.00000E-040  1.00000E-040  1.00000E-040  1.00000E-040  1.00000E-040  1.00000E-040  1.00000E-040  1.00000E-040  1.00000E-040  2.28976E-027  1.00000E-040  1.03330E-040  5.77333E-011  2.09577E-007  5.03445E-005  4.39528E-009  3.59642E-007  2.00529E-001  2.05480E-009  3.68372E-004  2.28862E-019  2.15537E-012  1.00000E-040  6.24720E-033  2.02214E-023  4.05576E-015  1.64990E-008  2.90424E-022  3.10561E-035  1.00000E-040  1.00000E-040  6.29522E-035  4.16674E-021  4.81207E-020  5.19255E-016  4.70182E-014  8.39024E-038  1.00000E-040  8.80435E-025  1.31710E-033  1.09044E-013  3.91380E-016  7.99051E-001  7.37683E-024  2.97968E-024  1.44986E-023  1.00000E-040  4.22514E-040  6.19531E-029  1.21170E-023  2.89175E-008  7.19339E-017  3.12482E-010  4.19265E-015  2.04833E-009  3.75443E-011  1.27950E-006  8.17634E-011  1.05021E-014  7.39389E-016  4.73958E-011  2.16539E-012  4.09505E-011  3.28991E-017  2.45909E-018  2.85146E-026  8.63565E-016  1.00000E-040  7.44796E-010  1.91453E-018  4.96768E-013  8.71582E-022  3.87979E-021  1.00000E-040  1.00000E-040  1.00000E-040  1.00000E-040  2.79074E-012  3.23451E-036  4.47619E-034  1.44866E-023  8.57329E-022  3.92933E-025  7.73901E-033  1.80635E-026  2.73806E-019  5.96681E-017  4.12634E-016  3.97610E-024  5.64232E-031  1.00000E-040  9.43204E-019  6.55505E-038  1.78962E-023  2.09821E-029  3.38185E-022  3.77442E-028  5.87889E-016  1.82279E-023  1.00000E-040  2.43599E-016  1.00000E-040  1.00000E-040  1.40901E-020  1.69554E-036  1.40156E-026  3.23823E-038  1.75461E-014  1.00000E-040  1.00000E-003  1.00000E-005  1.00000E-005  1.00000E-005  1.00000E-005  1.00000E-005  1.00000E-005  1.00000E-005  1.00000E-005  1.00000E-005  1.00000E-005  1.00000E-005  1.00000E-005  1.00000E-005  1.00000E-005  1.00000E-005  
5.85000E+001  2.82158E-004  8.11929E+015  2.51704E+002  1.94419E+005  1.00000E-040  1.00000E-040  1.00000E-040  1.02665E-019  1.00000E-040  1.00000E-040  1.00000E-040  1.00000E-040  1.00000E-040  1.00000E-040  1.00000E-040  1.00000E-040  1.00000E-040  1.00000E-040  2.23888E-027  1.00000E-040  1.03422E-040  7.74426E-011  2.31086E-007  5.02974E-005  4.59387E-009  4.24393E-007  2.00518E-001  2.27214E-009  3.68281E-004  2.19388E-019  1.90826E-012  1.00000E-040  6.95944E-033  1.70764E-023  3.36961E-015  1.60893E-008  3.40990E-022  3.17912E-035  1.00000E-040  1.00000E-040  6.27612E-035  3.99405E-021  4.92731E-020  6.11711E-016  4.69801E-014  7.28391E-038  1.00000E-040  3.07345E-025  1.10667E-033  1.15664E-013  1.00783E-015  7.99062E-001  7.93815E-024  2.71616E-024  1.47892E-023  1.00000E-040  2.43219E-040  3.09169E-029  6.90350E-024  2.86524E-008  7.18394E-017  3.16931E-010  4.18412E-015  1.87764E-009  3.59593E-011  1.19769E-006  6.33429E-011  7.48258E-015  6.10976E-016  4.27982E-011  1.41300E-012  4.09098E-011  3.30423E-017  2.38271E-018  1.93642E-026  6.86430E-016  1.00000E-040  7.44676E-010  1.41171E-018  4.15631E-013  5.80314E-022  2.62455E-021  1.00000E-040  1.00000E-040  1.00000E-040  1.00000E-040  2.64286E-012  3.04107E-036  2.60623E-034  9.09557E-024  7.42537E-022  3.19782E-025  3.66620E-033  1.74838E-026  2.77282E-019  4.72338E-017  3.54287E-016  7.08006E-024  6.19715E-031  1.00000E-040  1.24923E-018  3.32100E-038  1.12213E-023  2.14610E-029  3.31957E-022  1.77689E-028  3.80597E-016  1.77331E-023  1.00000E-040  2.50349E-016  1.00000E-040  1.00000E-040  9.11328E-021  1.98317E-036  1.68405E-026  2.77566E-038  1.87373E-014  1.00000E-040  1.00000E-003  1.00000E-005  1.00000E-005  1.00000E-005  1.00000E-005  1.00000E-005  1.00000E-005  1.00000E-005  1.00000E-005  1.00000E-005  1.00000E-005  1.00000E-005  1.00000E-005  1.00000E-005  1.00000E-005  1.00000E-005  
5.95000E+001  2.46862E-004  7.18209E+015  2.48955E+002  2.04424E+005  1.00000E-040  1.00000E-040  1.00000E-040  2.36936E-019  1.00000E-040  1.00000E-040  1.00000E-040  1.00000E-040  1.00000E-040  1.00000E-040  1.00000E-040  1.00000E-040  1.00000E-040  1.00000E-040  2.17505E-027  1.00000E-040  1.03522E-040  1.03920E-010  2.55144E-007  5.02457E-005  4.79953E-009  5.00888E-007  2.00506E-001  2.54599E-009  3.68182E-004  2.11066E-019  1.69874E-012  1.00000E-040  7.73779E-033  1.43921E-023  2.79684E-015  1.57549E-008  4.00652E-022  3.21711E-035  1.00000E-040  1.00000E-040  6.25560E-035  3.77594E-021  4.98584E-020  7.13318E-016  4.68890E-014  6.31901E-038  1.00000E-040  1.11485E-025  9.24845E-034  1.22781E-013  2.37876E-015  7.99074E-001  8.51180E-024  2.48123E-024  1.50053E-023  1.00000E-040  1.41503E-040  1.55836E-029  3.97302E-024  2.83601E-008  7.16493E-017  3.21351E-010  4.17592E-015  1.72595E-009  3.44244E-011  1.12114E-006  4.91689E-011  5.32386E-015  5.04889E-016  3.85697E-011  9.21395E-013  4.08659E-011  3.31312E-017  2.30407E-018  1.30670E-026  5.43972E-016  1.00000E-040  7.44529E-010  1.05335E-018  3.47478E-013  3.89979E-022  1.79366E-021  1.00000E-040  1.00000E-040  1.00000E-040  1.00000E-040  2.50154E-012  2.84975E-036  1.53365E-034  5.77135E-024  6.42110E-022  2.59527E-025  1.75601E-033  1.68041E-026  2.79065E-019  3.72810E-017  3.06063E-016  1.15381E-023  6.73463E-031  1.00000E-040  1.66075E-018  1.69857E-038  7.10957E-024  2.19130E-029  3.25670E-022  8.43653E-029  2.45831E-016  1.72147E-023  1.00000E-040  2.56965E-016  1.00000E-040  1.00000E-040  5.85925E-021  2.30960E-036  2.02065E-026  2.38227E-038  1.99851E-014  1.00000E-040  1.00000E-003  1.00000E-005  1.00000E-005  1.00000E-005  1.00000E-005  1.00000E-005  1.00000E-005  1.00000E-005  1.00000E-005  1.00000E-005  1.00000E-005  1.00000E-005  1.00000E-005  1.00000E-005  1.00000E-005  1.00000E-005  
6.05000E+001  2.15670E-004  6.34463E+015  2.46207E+002  2.14427E+005  1.00000E-040  1.00000E-040  1.00000E-040  5.50083E-019  1.00000E-040  1.00000E-040  1.00000E-040  1.00000E-040  1.00000E-040  1.00000E-040  1.00000E-040  1.00000E-040  1.00000E-040  1.00000E-040  2.09851E-027  1.00000E-040  1.03630E-040  1.39841E-010  2.81951E-007  5.01891E-005  5.01775E-009  5.92169E-007  2.00493E-001  2.88819E-009  3.68076E-004  2.03921E-019  1.51927E-012  1.00000E-040  8.61533E-033  1.21174E-023  2.31897E-015  1.54804E-008  4.71161E-022  3.21226E-035  1.00000E-040  1.00000E-040  6.23345E-035  3.51811E-021  4.98239E-020  8.23195E-016  4.67613E-014  5.47576E-038  1.00000E-040  4.21746E-026  7.69613E-034  1.30456E-013  5.18979E-015  7.99087E-001  9.10974E-024  2.27407E-024  1.51731E-023  1.00000E-040  1.00000E-040  7.93605E-030  2.31075E-024  2.80400E-008  7.14013E-017  3.25949E-010  4.16788E-015  1.59055E-009  3.29663E-011  1.05064E-006  3.82419E-011  3.78367E-015  4.17512E-016  3.46870E-011  6.00845E-013  4.08185E-011  3.32208E-017  2.22281E-018  8.76681E-027  4.30119E-016  1.00000E-040  7.44351E-010  7.96297E-019  2.90269E-013  2.64787E-022  1.23975E-021  1.00000E-040  1.00000E-040  1.00000E-040  1.00000E-040  2.36639E-012  2.65971E-036  9.13770E-035  3.70380E-024  5.54346E-022  2.10238E-025  8.51156E-034  1.60645E-026  2.78644E-019  2.93188E-017  2.65770E-016  1.73260E-023  7.24987E-031  1.00000E-040  2.19310E-018  8.78258E-039  4.55551E-024  2.23490E-029  3.19300E-022  4.03971E-029  1.58163E-016  1.66984E-023  1.00000E-040  2.63468E-016  1.00000E-040  1.00000E-040  3.74775E-021  2.67591E-036  2.41736E-026  2.04792E-038  2.13218E-014  1.00000E-040  1.00000E-003  1.00000E-005  1.00000E-005  1.00000E-005  1.00000E-005  1.00000E-005  1.00000E-005  1.00000E-005  1.00000E-005  1.00000E-005  1.00000E-005  1.00000E-005  1.00000E-005  1.00000E-005  1.00000E-005  1.00000E-005  
6.15000E+001  1.88141E-004  5.59724E+015  2.43459E+002  2.24431E+005  1.00000E-040  1.00000E-040  1.00000E-040  1.28484E-018  1.00000E-040  1.00000E-040  1.00000E-040  1.00000E-040  1.00000E-040  1.00000E-040  1.00000E-040  1.00000E-040  1.00000E-040  1.00000E-040  2.01165E-027  1.00000E-040  1.03748E-040  1.89091E-010  3.11744E-007  5.01270E-005  5.25441E-009  7.02164E-007  2.00479E-001  3.31405E-009  3.67960E-004  1.97970E-019  1.36421E-012  1.00000E-040  9.63351E-033  1.02003E-023  1.92054E-015  1.52536E-008  5.54538E-022  3.15934E-035  1.00000E-040  1.00000E-040  6.20948E-035  3.22878E-021  4.91448E-020  9.40034E-016  4.66081E-014  4.73767E-038  1.00000E-040  1.68497E-026  6.38234E-034  1.38762E-013  1.05465E-014  7.99101E-001  9.74783E-024  2.09332E-024  1.53156E-023  1.00000E-040  1.00000E-040  4.08462E-030  1.35870E-024  2.76913E-008  7.11312E-017  3.30921E-010  4.15990E-015  1.46920E-009  3.16057E-011  9.86546E-007  2.98002E-011  2.68631E-015  3.45679E-016  3.11284E-011  3.92069E-013  4.07670E-011  3.33562E-017  2.13895E-018  5.85074E-027  3.39593E-016  1.00000E-040  7.44141E-010  6.10562E-019  2.42286E-013  1.81824E-022  8.67492E-022  1.00000E-040  1.00000E-040  1.00000E-040  1.00000E-040  2.23714E-012  2.46966E-036  5.52126E-035  2.40585E-024  4.77709E-022  1.70133E-025  4.17926E-034  1.52891E-026  2.75646E-019  2.29559E-017  2.31772E-016  2.41242E-023  7.73306E-031  1.00000E-040  2.84171E-018  4.59693E-039  2.95444E-024  2.27780E-029  3.12824E-022  1.95097E-029  1.01227E-016  1.62046E-023  1.00000E-040  2.69877E-016  1.00000E-040  1.00000E-040  2.38653E-021  3.08319E-036  2.88077E-026  1.76422E-038  2.27830E-014  1.00000E-040  1.00000E-003  1.00000E-005  1.00000E-005  1.00000E-005  1.00000E-005  1.00000E-005  1.00000E-005  1.00000E-005  1.00000E-005  1.00000E-005  1.00000E-005  1.00000E-005  1.00000E-005  1.00000E-005  1.00000E-005  1.00000E-005  
6.25000E+001  1.63878E-004  4.93105E+015  2.40713E+002  2.34434E+005  1.00000E-040  1.00000E-040  1.00000E-040  3.01946E-018  1.00000E-040  1.00000E-040  1.00000E-040  1.00000E-040  1.00000E-040  1.00000E-040  1.00000E-040  1.00000E-040  1.00000E-040  1.00000E-040  1.91869E-027  1.00000E-040  1.03876E-040  2.57293E-010  3.44804E-007  5.00589E-005  5.51497E-009  8.35754E-007  2.00463E-001  3.84309E-009  3.67834E-004  1.93202E-019  1.22929E-012  1.00000E-040  1.08414E-032  8.59132E-024  1.58886E-015  1.50651E-008  6.53134E-022  3.05749E-035  1.00000E-040  1.00000E-040  6.18344E-035  2.91855E-021  4.78399E-020  1.06227E-015  4.64376E-014  4.09200E-038  1.00000E-040  7.33976E-027  5.27797E-034  1.47779E-013  2.01005E-014  7.99117E-001  1.04496E-023  1.93748E-024  1.54491E-023  1.00000E-040  1.00000E-040  2.12698E-030  8.08314E-025  2.73133E-008  7.08652E-017  3.36424E-010  4.15191E-015  1.36004E-009  3.03531E-011  9.28646E-007  2.32645E-011  1.90524E-015  2.86653E-016  2.78728E-011  2.56110E-013  4.07109E-011  3.35647E-017  2.05300E-018  3.88191E-027  2.67844E-016  1.00000E-040  7.43895E-010  4.75301E-019  2.02094E-013  1.26392E-022  6.15115E-022  1.00000E-040  1.00000E-040  1.00000E-040  1.00000E-040  2.11346E-012  2.27854E-036  3.39014E-035  1.58308E-024  4.10897E-022  1.37633E-025  2.08268E-034  1.44860E-026  2.69929E-019  1.78805E-017  2.02826E-016  3.13358E-023  8.16711E-031  1.00000E-040  3.57946E-018  2.44019E-039  1.94106E-024  2.32069E-029  3.06216E-022  9.50873E-030  6.43994E-017  1.57454E-023  1.00000E-040  2.76212E-016  1.00000E-040  1.00000E-040  1.51389E-021  3.53278E-036  3.41824E-026  1.52430E-038  2.44011E-014  1.00000E-040  1.00000E-003  1.00000E-005  1.00000E-005  1.00000E-005  1.00000E-005  1.00000E-005  1.00000E-005  1.00000E-005  1.00000E-005  1.00000E-005  1.00000E-005  1.00000E-005  1.00000E-005  1.00000E-005  1.00000E-005  1.00000E-005  
6.35000E+001  1.42524E-004  4.33799E+015  2.37968E+002  2.44436E+005  1.00000E-040  1.00000E-040  1.00000E-040  7.14017E-018  1.00000E-040  1.00000E-040  1.00000E-040  1.00000E-040  1.00000E-040  1.00000E-040  1.00000E-040  1.00000E-040  1.00000E-040  1.00000E-040  1.82481E-027  1.00000E-040  1.04016E-040  3.52503E-010  3.81461E-007  4.99841E-005  5.80382E-009  9.98784E-007  2.00446E-001  4.49999E-009  3.67696E-004  1.89557E-019  1.11119E-012  1.00000E-040  1.22941E-032  7.24450E-024  1.31341E-015  1.49076E-008  7.69713E-022  2.91163E-035  1.00000E-040  1.00000E-040  6.15507E-035  2.59962E-021  4.59791E-020  1.18835E-015  4.62553E-014  3.52908E-038  1.00000E-040  3.70506E-027  4.35436E-034  1.57598E-013  3.61533E-014  7.99134E-001  1.12533E-023  1.80496E-024  1.55809E-023  1.00000E-040  1.00000E-040  1.12265E-030  4.87275E-025  2.69059E-008  7.06155E-017  3.42550E-010  4.14386E-015  1.26149E-009  2.92086E-011  8.76218E-007  1.81948E-011  1.34983E-015  2.38100E-016  2.49002E-011  1.67510E-013  4.06496E-011  3.38528E-017  1.96597E-018  2.56724E-027  2.11041E-016  1.00000E-040  7.43609E-010  3.75966E-019  1.68490E-013  8.90260E-023  4.42387E-022  1.00000E-040  1.00000E-040  1.00000E-040  1.00000E-040  1.99491E-012  2.08597E-036  2.11997E-035  1.05621E-024  3.52800E-022  1.11371E-025  1.05616E-034  1.36473E-026  2.61649E-019  1.38433E-017  1.77983E-016  3.82097E-023  8.52674E-031  1.00000E-040  4.36418E-018  1.31661E-039  1.29312E-024  2.36394E-029  2.99454E-022  4.68565E-030  4.07245E-017  1.53252E-023  1.00000E-040  2.82495E-016  1.00000E-040  1.00000E-040  9.57092E-022  4.02627E-036  4.03801E-026  1.32258E-038  2.61998E-014  1.00000E-040  1.00000E-003  1.00000E-005  1.00000E-005  1.00000E-005  1.00000E-005  1.00000E-005  1.00000E-005  1.00000E-005  1.00000E-005  1.00000E-005  1.00000E-005  1.00000E-005  1.00000E-005  1.00000E-005  1.00000E-005  1.00000E-005  
6.45000E+001  1.23757E-004  3.81072E+015  2.35223E+002  2.54439E+005  1.00000E-040  1.00000E-040  1.00000E-040  1.69908E-017  1.00000E-040  1.00000E-040  1.00000E-040  1.00000E-040  1.00000E-040  1.00000E-040  1.00000E-040  1.00000E-040  1.00000E-040  1.00000E-040  1.73497E-027  1.00000E-040  1.04170E-040  4.86159E-010  4.22098E-007  4.99019E-005  6.12430E-009  1.19804E-006  2.00428E-001  5.31594E-009  3.67544E-004  1.86915E-019  1.00725E-012  1.00000E-040  1.40499E-032  6.11821E-024  1.08526E-015  1.47752E-008  9.07542E-022  2.73172E-035  1.00000E-040  1.00000E-040  6.12409E-035  2.28424E-021  4.36761E-020  1.31705E-015  4.60649E-014  3.04114E-038  1.00000E-040  2.32564E-027  3.58311E-034  1.68321E-013  6.17234E-014  7.99152E-001  1.22213E-023  1.69361E-024  1.57075E-023  1.00000E-040  1.00000E-040  6.02013E-031  2.97785E-025  2.64694E-008  7.03805E-017  3.49329E-010  4.13572E-015  1.17225E-009  2.81659E-011  8.28221E-007  1.42565E-011  9.55394E-016  1.98068E-016  2.21923E-011  1.09711E-013  4.05824E-011  3.42094E-017  1.87937E-018  1.69033E-027  1.66088E-016  1.00000E-040  7.43279E-010  3.02355E-019  1.40455E-013  6.35933E-023  3.22954E-022  1.00000E-040  1.00000E-040  1.00000E-040  1.00000E-040  1.88120E-012  1.89205E-036  1.35156E-035  7.15140E-025  3.02362E-022  9.01750E-026  5.46744E-035  1.27480E-026  2.51239E-019  1.06450E-017  1.56511E-016  4.40222E-023  8.77968E-031  1.00000E-040  5.15064E-018  7.23610E-040  8.74291E-025  2.40710E-029  2.92512E-022  2.33510E-030  2.56175E-017  1.49435E-023  1.00000E-040  2.88744E-016  1.00000E-040  1.00000E-040  6.03199E-022  4.56392E-036  4.74941E-026  1.15469E-038  2.81914E-014  1.00000E-040  1.00000E-003  1.00000E-005  1.00000E-005  1.00000E-005  1.00000E-005  1.00000E-005  1.00000E-005  1.00000E-005  1.00000E-005  1.00000E-005  1.00000E-005  1.00000E-005  1.00000E-005  1.00000E-005  1.00000E-005  1.00000E-005  
6.55000E+001  1.07288E-004  3.34259E+015  2.32479E+002  2.64441E+005  1.00000E-040  1.00000E-040  1.00000E-040  4.06881E-017  1.00000E-040  1.00000E-040  1.00000E-040  1.00000E-040  1.00000E-040  1.00000E-040  1.00000E-040  1.00000E-040  1.00000E-040  1.00000E-040  1.65301E-027  1.00000E-040  1.04340E-040  6.74505E-010  4.67158E-007  4.98114E-005  6.47916E-009  1.44134E-006  2.00407E-001  6.33041E-009  3.67377E-004  1.85138E-019  9.15288E-013  1.00000E-040  1.61765E-032  5.17689E-024  8.96842E-016  1.46632E-008  1.07052E-021  2.53034E-035  1.00000E-040  1.00000E-040  6.09015E-035  1.98317E-021  4.10679E-020  1.44748E-015  4.58685E-014  2.62135E-038  1.00000E-040  1.84383E-027  2.94020E-034  1.80067E-013  1.00568E-013  7.99173E-001  1.34643E-023  1.60143E-024  1.58206E-023  1.00000E-040  1.00000E-040  3.32600E-031  1.85216E-025  2.60049E-008  7.01567E-017  3.56776E-010  4.12743E-015  1.09119E-009  2.72181E-011  7.83490E-007  1.11945E-011  6.75735E-016  1.64966E-016  1.97318E-011  7.19652E-014  4.05085E-011  3.46116E-017  1.79482E-018  1.10514E-027  1.30498E-016  1.00000E-040  7.42900E-010  2.47271E-019  1.17120E-013  4.61003E-023  2.39454E-022  1.00000E-040  1.00000E-040  1.00000E-040  1.00000E-040  1.77196E-012  1.69772E-036  8.82286E-036  4.91767E-025  2.58673E-022  7.30821E-026  2.92528E-035  1.17617E-026  2.39291E-019  8.12415E-018  1.37836E-016  4.82405E-023  8.89139E-031  1.00000E-040  5.90057E-018  4.10961E-040  6.00355E-025  2.44964E-029  2.85366E-022  1.18278E-030  1.60493E-017  1.45969E-023  1.00000E-040  2.94979E-016  1.00000E-040  1.00000E-040  3.79067E-022  5.14602E-036  5.56299E-026  1.01729E-038  3.03759E-014  1.00000E-040  1.00000E-003  1.00000E-005  1.00000E-005  1.00000E-005  1.00000E-005  1.00000E-005  1.00000E-005  1.00000E-005  1.00000E-005  1.00000E-005  1.00000E-005  1.00000E-005  1.00000E-005  1.00000E-005  1.00000E-005  1.00000E-005  
6.65000E+001  9.28562E-005  2.92751E+015  2.29736E+002  2.74444E+005  1.00000E-040  1.00000E-040  1.00000E-040  9.80593E-017  1.00000E-040  1.00000E-040  1.00000E-040  1.00000E-040  1.00000E-040  1.00000E-040  1.00000E-040  1.00000E-040  1.00000E-040  1.00000E-040  1.58119E-027  1.00000E-040  1.04528E-040  9.40827E-010  5.17152E-007  4.97116E-005  6.87213E-009  1.73780E-006  2.00385E-001  7.59350E-009  3.67192E-004  1.84101E-019  8.33554E-013  1.00000E-040  1.87627E-032  4.39126E-024  7.41668E-016  1.45681E-008  1.26327E-021  2.31963E-035  1.00000E-040  1.00000E-040  6.05290E-035  1.70452E-021  3.82903E-020  1.57893E-015  4.56673E-014  2.26323E-038  1.00000E-040  1.73671E-027  2.40569E-034  1.92968E-013  1.57183E-013  7.99195E-001  1.51718E-023  1.52668E-024  1.59126E-023  1.00000E-040  1.00000E-040  2.13908E-031  1.45626E-025  2.55142E-008  6.99531E-017  3.64966E-010  4.11896E-015  1.01738E-009  2.63666E-011  7.40981E-007  8.81314E-012  4.77854E-016  1.37521E-016  1.75022E-011  4.72973E-014  4.04271E-011  3.50318E-017  1.71388E-018  7.19914E-028  1.02323E-016  1.00000E-040  7.42467E-010  2.05605E-019  9.77387E-014  3.39315E-023  1.80380E-022  1.00000E-040  1.00000E-040  1.00000E-040  1.00000E-040  1.66674E-012  1.50459E-036  7.32889E-036  3.43637E-025  2.20923E-022  5.93178E-026  1.78097E-035  1.06706E-026  2.26430E-019  6.14944E-018  1.21503E-016  5.06102E-023  8.83156E-031  1.00000E-040  6.58782E-018  2.72442E-040  4.18917E-025  2.49135E-029  2.77988E-022  7.56794E-031  1.00282E-017  1.42831E-023  1.00000E-040  3.01219E-016  1.00000E-040  1.00000E-040  2.37628E-022  5.77375E-036  6.49072E-026  9.08071E-039  3.27447E-014  1.00000E-040  1.00000E-003  1.00000E-005  1.00000E-005  1.00000E-005  1.00000E-005  1.00000E-005  1.00000E-005  1.00000E-005  1.00000E-005  1.00000E-005  1.00000E-005  1.00000E-005  1.00000E-005  1.00000E-005  1.00000E-005  1.00000E-005  
6.75000E+001  8.02299E-005  2.56000E+015  2.26993E+002  2.84445E+005  1.00000E-040  1.00000E-040  1.00000E-040  2.37833E-016  1.00000E-040  1.00000E-040  1.00000E-040  1.00000E-040  1.00000E-040  1.00000E-040  1.00000E-040  1.00000E-040  1.00000E-040  1.00000E-040  1.52019E-027  1.00000E-040  1.04736E-040  1.31911E-009  5.72667E-007  4.96013E-005  7.31033E-009  2.09821E-006  2.00360E-001  9.16891E-009  3.66988E-004  1.83732E-019  7.60605E-013  1.00000E-040  2.19415E-032  3.73788E-024  6.14206E-016  1.44867E-008  1.49116E-021  2.10930E-035  1.00000E-040  1.00000E-040  6.01190E-035  1.45347E-021  3.54601E-020  1.71031E-015  4.54624E-014  1.96056E-038  1.00000E-040  1.79819E-027  1.96301E-034  2.07177E-013  2.36806E-013  7.99220E-001  1.76518E-023  1.46806E-024  1.59820E-023  1.00000E-040  1.00000E-040  1.09788E-031  7.55567E-026  2.50000E-008  6.98076E-017  3.74130E-010  4.11025E-015  9.50001E-010  2.56293E-011  6.99922E-007  6.96203E-012  3.38152E-016  1.14733E-016  1.54876E-011  3.11761E-014  4.03370E-011  3.54428E-017  1.63806E-018  4.69169E-028  8.00552E-017  1.00000E-040  7.41972E-010  1.73712E-019  8.16753E-014  2.53662E-023  1.38067E-022  1.00000E-040  1.00000E-040  1.00000E-040  1.00000E-040  1.56508E-012  1.31486E-036  4.04845E-036  2.44112E-025  1.88368E-022  4.82651E-026  9.07102E-036  9.47402E-027  2.13204E-019  4.61414E-018  1.07151E-016  5.11529E-023  8.58129E-031  1.00000E-040  7.19878E-018  1.39699E-040  2.97153E-025  2.53282E-029  2.70351E-022  3.19014E-031  6.25832E-018  1.40058E-023  1.00000E-040  3.07487E-016  1.00000E-040  1.00000E-040  1.48715E-022  6.45064E-036  7.54628E-026  8.25682E-039  3.52854E-014  1.00000E-040  1.00000E-003  1.00000E-005  1.00000E-005  1.00000E-005  1.00000E-005  1.00000E-005  1.00000E-005  1.00000E-005  1.00000E-005  1.00000E-005  1.00000E-005  1.00000E-005  1.00000E-005  1.00000E-005  1.00000E-005  1.00000E-005  
6.85000E+001  6.92004E-005  2.23506E+015  2.24252E+002  2.94447E+005  1.00000E-040  1.00000E-040  1.00000E-040  5.80472E-016  1.00000E-040  1.00000E-040  1.00000E-040  1.00000E-040  1.00000E-040  1.00000E-040  1.00000E-040  1.00000E-040  1.00000E-040  1.00000E-040  1.46947E-027  1.00000E-040  1.04967E-040  1.86011E-009  6.34378E-007  4.94792E-005  7.80656E-009  2.53547E-006  2.00332E-001  1.11378E-008  3.66760E-004  1.84021E-019  6.95256E-013  1.00000E-040  2.59287E-032  3.19831E-024  5.09784E-016  1.44167E-008  1.76020E-021  1.90609E-035  1.00000E-040  1.00000E-040  5.96668E-035  1.23263E-021  3.26692E-020  1.83962E-015  4.52554E-014  1.70757E-038  1.00000E-040  1.94550E-027  1.59881E-034  2.22871E-013  3.45444E-013  7.99248E-001  2.13855E-023  1.42512E-024  1.60385E-023  1.00000E-040  1.00000E-040  6.30989E-032  4.95520E-026  2.44653E-008  6.97994E-017  3.84744E-010  4.10122E-015  8.88366E-010  2.50450E-011  6.59773E-007  5.52492E-012  2.39753E-016  9.58178E-017  1.36725E-011  2.06460E-014  4.02369E-011  3.58167E-017  1.56884E-018  3.04572E-028  6.25067E-017  1.00000E-040  7.41410E-010  1.48981E-019  6.83865E-014  1.92668E-023  1.07389E-022  1.00000E-040  1.00000E-040  1.00000E-040  1.00000E-040  1.46641E-012  1.13130E-036  2.85299E-036  1.76365E-025  1.60362E-022  3.94362E-026  5.19291E-036  8.19645E-027  2.00053E-019  3.43109E-018  9.44847E-017  5.01029E-023  8.13940E-031  1.00000E-040  7.73003E-018  1.00000E-040  2.14361E-025  2.57614E-029  2.62422E-022  1.71079E-031  3.90617E-018  1.37761E-023  1.00000E-040  3.13806E-016  1.00000E-040  1.00000E-040  9.30503E-023  7.18613E-036  8.74529E-026  7.69822E-039  3.79821E-014  1.00000E-040  1.00000E-003  1.00000E-005  1.00000E-005  1.00000E-005  1.00000E-005  1.00000E-005  1.00000E-005  1.00000E-005  1.00000E-005  1.00000E-005  1.00000E-005  1.00000E-005  1.00000E-005  1.00000E-005  1.00000E-005  1.00000E-005  
6.95000E+001  5.95812E-005  1.94818E+015  2.21512E+002  3.04449E+005  1.00000E-040  1.00000E-040  1.00000E-040  1.42537E-015  1.00000E-040  1.00000E-040  1.00000E-040  1.00000E-040  1.00000E-040  1.00000E-040  1.00000E-040  1.00000E-040  1.00000E-040  1.00000E-040  1.42773E-027  1.00000E-040  1.05225E-040  2.64107E-009  7.03057E-007  4.93438E-005  8.38114E-009  3.06468E-006  2.00301E-001  1.36038E-008  3.66507E-004  1.84999E-019  6.36490E-013  1.00000E-040  3.10718E-032  2.75750E-024  4.24460E-016  1.43560E-008  2.07695E-021  1.71455E-035  1.00000E-040  1.00000E-040  5.91672E-035  1.04259E-021  2.99884E-020  1.96353E-015  4.50488E-014  1.49911E-038  1.00000E-040  2.14492E-027  1.30153E-034  2.40249E-013  4.89875E-013  7.99279E-001  2.70969E-023  1.39831E-024  1.61058E-023  1.00000E-040  1.00000E-040  4.32266E-032  4.10900E-026  2.39137E-008  7.00493E-017  3.97571E-010  4.09178E-015  8.31871E-010  2.46721E-011  6.20114E-007  4.41179E-012  1.70604E-016  8.01433E-017  1.20418E-011  1.37724E-014  4.01252E-011  3.61169E-017  1.50783E-018  1.99114E-028  4.87275E-017  1.00000E-040  7.40770E-010  1.29533E-019  5.74131E-014  1.48766E-023  8.48929E-023  1.00000E-040  1.00000E-040  1.00000E-040  1.00000E-040  1.36999E-012  9.57143E-037  2.55440E-036  1.29676E-025  1.36329E-022  3.24339E-026  3.58015E-036  6.88520E-027  1.87333E-019  2.52912E-018  8.32654E-017  4.78182E-023  7.52580E-031  1.00000E-040  8.18500E-018  1.00000E-040  1.57365E-025  2.62493E-029  2.54168E-022  1.19048E-031  2.44199E-018  1.36124E-023  1.00000E-040  3.20201E-016  1.00000E-040  1.00000E-040  5.83294E-023  7.99779E-036  1.01057E-025  7.41355E-039  4.08106E-014  1.00000E-040  1.00000E-003  1.00000E-005  1.00000E-005  1.00000E-005  1.00000E-005  1.00000E-005  1.00000E-005  1.00000E-005  1.00000E-005  1.00000E-005  1.00000E-005  1.00000E-005  1.00000E-005  1.00000E-005  1.00000E-005  1.00000E-005  
7.05000E+001  5.12058E-005  1.69529E+015  2.18772E+002  3.14451E+005  1.00000E-040  1.00000E-040  1.00000E-040  3.51974E-015  1.00000E-040  1.00000E-040  1.00000E-040  1.00000E-040  1.00000E-040  1.00000E-040  1.00000E-040  1.00000E-040  1.00000E-040  1.00000E-040  1.39336E-027  1.00000E-040  1.05514E-040  3.78055E-009  7.79587E-007  4.91933E-005  9.06228E-009  3.70248E-006  2.00266E-001  1.66999E-008  3.66224E-004  1.86666E-019  5.83364E-013  1.46045E-040  3.79065E-032  2.40193E-024  3.54882E-016  1.43030E-008  2.44831E-021  1.53805E-035  1.00000E-040  1.00000E-040  5.86140E-035  8.82520E-022  2.74741E-020  2.07763E-015  4.48463E-014  1.33050E-038  1.00000E-040  2.38233E-027  1.06048E-034  2.59545E-013  6.77561E-013  7.99313E-001  3.58403E-023  1.38868E-024  1.62334E-023  1.00000E-040  1.00000E-040  2.48449E-032  2.33090E-026  2.33490E-008  7.07071E-017  4.13629E-010  4.08183E-015  7.79996E-010  2.45803E-011  5.80524E-007  3.55245E-012  1.22103E-016  6.71844E-017  1.05793E-011  9.28380E-015  3.99993E-011  3.62857E-017  1.45644E-018  1.33908E-028  3.79331E-017  1.00000E-040  7.40044E-010  1.14011E-019  4.83702E-014  1.16868E-023  6.82311E-023  1.00000E-040  1.00000E-040  1.00000E-040  1.00000E-040  1.27500E-012  7.95768E-037  1.60769E-036  9.71254E-026  1.15737E-022  2.69205E-026  1.97134E-036  5.60082E-027  1.75359E-019  1.84985E-018  7.32968E-017  4.46915E-023  6.78163E-031  1.00000E-040  8.57093E-018  1.00000E-040  1.17669E-025  2.68355E-029  2.45548E-022  5.49448E-032  1.53172E-018  1.35378E-023  1.00000E-040  3.26699E-016  1.00000E-040  1.00000E-040  3.67224E-023  8.91119E-036  1.16482E-025  7.42524E-039  4.37276E-014  1.00000E-040  1.00000E-003  1.00000E-005  1.00000E-005  1.00000E-005  1.00000E-005  1.00000E-005  1.00000E-005  1.00000E-005  1.00000E-005  1.00000E-005  1.00000E-005  1.00000E-005  1.00000E-005  1.00000E-005  1.00000E-005  1.00000E-005  
7.15000E+001  4.39264E-005  1.47239E+015  2.16082E+002  3.24452E+005  1.00000E-040  1.00000E-040  1.00000E-040  8.73411E-015  1.00000E-040  1.00000E-040  1.00000E-040  1.00000E-040  1.00000E-040  1.00000E-040  1.00000E-040  1.00000E-040  1.00000E-040  1.00000E-040  1.36499E-027  1.00000E-040  1.05838E-040  5.46499E-009  8.64985E-007  4.90257E-005  9.88181E-009  4.46634E-006  2.00227E-001  2.05985E-008  3.65907E-004  1.89106E-019  5.34981E-013  2.51915E-040  4.73469E-032  2.12143E-024  2.98430E-016  1.42562E-008  2.88299E-021  1.38111E-035  1.00000E-040  1.00000E-040  5.80006E-035  7.51213E-022  2.51949E-020  2.17883E-015  4.46497E-014  1.19827E-038  1.00000E-040  2.65115E-027  8.71734E-035  2.81026E-013  9.15993E-013  7.99352E-001  4.91523E-023  1.40255E-024  1.65461E-023  1.00000E-040  1.00000E-040  1.63823E-032  1.65377E-026  2.27749E-008  7.19598E-017  4.34234E-010  4.07127E-015  7.32281E-010  2.48299E-011  5.40027E-007  2.89199E-012  8.80757E-017  5.64890E-017  9.26209E-012  6.33907E-015  3.98544E-011  3.62328E-017  1.41391E-018  8.31440E-029  2.93823E-017  1.00000E-040  7.39223E-010  1.01430E-019  4.09419E-014  9.35071E-024  5.57851E-023  1.00000E-040  1.00000E-040  1.00000E-040  1.00000E-040  1.17832E-012  6.51146E-037  1.27580E-036  7.42301E-026  9.85166E-023  2.26519E-026  1.29517E-036  4.44050E-027  1.64483E-019  1.34405E-018  6.43699E-017  4.11160E-023  5.96675E-031  1.00000E-040  8.89657E-018  1.00000E-040  8.97735E-026  2.76445E-029  2.36521E-022  3.20053E-032  9.65507E-019  1.35513E-023  1.00000E-040  3.33330E-016  1.00000E-040  1.00000E-040  2.33118E-023  1.00068E-035  1.33969E-025  7.77283E-039  4.66315E-014  1.00000E-040  1.00000E-003  1.00000E-005  1.00000E-005  1.00000E-005  1.00000E-005  1.00000E-005  1.00000E-005  1.00000E-005  1.00000E-005  1.00000E-005  1.00000E-005  1.00000E-005  1.00000E-005  1.00000E-005  1.00000E-005  1.00000E-005  
7.25000E+001  3.76156E-005  1.27470E+015  2.13735E+002  3.34453E+005  1.00000E-040  1.00000E-040  1.00000E-040  2.17640E-014  1.00000E-040  1.00000E-040  1.00000E-040  1.00000E-040  1.00000E-040  1.00000E-040  1.00000E-040  1.00000E-040  1.00000E-040  1.00000E-040  1.34273E-027  1.00000E-040  1.06202E-040  8.01331E-009  9.60476E-007  4.88383E-005  1.08572E-008  5.37548E-006  2.00183E-001  2.55268E-008  3.65550E-004  1.93037E-019  4.90434E-013  4.60499E-040  6.14814E-032  1.91576E-024  2.53691E-016  1.42145E-008  3.39911E-021  1.25455E-035  1.00000E-040  1.00000E-040  5.73189E-035  6.48180E-022  2.33007E-020  2.27331E-015  4.44517E-014  1.10181E-038  1.00000E-040  2.94768E-027  7.52642E-035  3.05023E-013  1.21108E-012  7.99395E-001  6.93339E-023  1.47032E-024  1.73008E-023  1.00000E-040  1.00000E-040  1.13653E-032  1.22560E-026  2.21945E-008  7.41173E-017  4.61382E-010  4.05997E-015  6.88293E-010  2.54471E-011  4.95681E-007  2.38733E-012  6.39998E-017  4.76622E-017  8.05673E-012  4.38017E-015  3.96803E-011  3.58446E-017  1.37506E-018  5.24211E-029  2.22973E-017  1.00000E-040  7.38302E-010  9.10679E-020  3.48651E-014  7.62871E-024  4.64199E-023  1.00000E-040  1.00000E-040  1.00000E-040  1.00000E-040  1.06918E-012  5.28430E-037  1.07731E-036  5.81536E-026  8.61324E-023  1.95929E-026  9.07145E-037  3.59895E-027  1.55262E-019  9.68949E-019  5.61417E-017  3.75761E-023  5.14808E-031  1.00000E-040  9.17099E-018  1.00000E-040  7.02089E-026  2.92050E-029  2.27032E-022  1.97007E-032  6.11582E-019  1.35307E-023  1.00000E-040  3.40130E-016  1.00000E-040  1.00000E-040  1.50616E-023  1.16572E-035  1.53814E-025  8.51830E-039  4.92431E-014  1.00000E-040  1.00000E-003  1.00000E-005  1.00000E-005  1.00000E-005  1.00000E-005  1.00000E-005  1.00000E-005  1.00000E-005  1.00000E-005  1.00000E-005  1.00000E-005  1.00000E-005  1.00000E-005  1.00000E-005  1.00000E-005  1.00000E-005  
7.35000E+001  3.21616E-005  1.10019E+015  2.11731E+002  3.44454E+005  1.00000E-040  1.00000E-040  1.00000E-040  5.42961E-014  1.00000E-040  1.00000E-040  1.00000E-040  1.00000E-040  1.00000E-040  1.00000E-040  1.00000E-040  1.00000E-040  1.00000E-040  1.00000E-040  1.32534E-027  1.00000E-040  1.06614E-040  1.19026E-008  1.06750E-006  4.86281E-005  1.20185E-008  6.44297E-006  2.00134E-001  3.17794E-008  3.65148E-004  1.98186E-019  4.48841E-013  8.90560E-040  8.29357E-032  1.76959E-024  2.18046E-016  1.41767E-008  4.01257E-021  1.15832E-035  1.00000E-040  1.00000E-040  5.65602E-035  5.69161E-022  2.17976E-020  2.36125E-015  4.42503E-014  1.03647E-038  1.00000E-040  3.27242E-027  6.84516E-035  3.31933E-013  1.56947E-012  7.99444E-001  9.91390E-023  1.60089E-024  1.85642E-023  1.00000E-040  1.00000E-040  8.52965E-033  9.44013E-027  2.16098E-008  7.73168E-017  4.96489E-010  4.04779E-015  6.47626E-010  2.65015E-011  4.47945E-007  2.00243E-012  4.69407E-017  4.03689E-017  6.96239E-012  3.06748E-015  3.94509E-011  3.50408E-017  1.33925E-018  3.39340E-029  1.65211E-017  1.00000E-040  7.37262E-010  8.23960E-020  2.98867E-014  6.34728E-024  3.93015E-023  1.00000E-040  1.00000E-040  1.00000E-040  1.00000E-040  9.50407E-013  4.25959E-037  9.61891E-037  4.67275E-026  7.75171E-023  1.74347E-026  6.96528E-037  3.01272E-027  1.47910E-019  6.96702E-019  4.85933E-017  3.42644E-023  4.36136E-031  1.00000E-040  9.40271E-018  1.00000E-040  5.63145E-026  3.16672E-029  2.17030E-022  1.26263E-032  3.90054E-019  1.34724E-023  1.00000E-040  3.47135E-016  1.00000E-040  1.00000E-040  9.92415E-024  1.41250E-035  1.76376E-025  9.75336E-039  5.13764E-014  1.00000E-040  1.00000E-003  1.00000E-005  1.00000E-005  1.00000E-005  1.00000E-005  1.00000E-005  1.00000E-005  1.00000E-005  1.00000E-005  1.00000E-005  1.00000E-005  1.00000E-005  1.00000E-005  1.00000E-005  1.00000E-005  1.00000E-005  
7.45000E+001  2.74592E-005  9.48086E+014  2.09776E+002  3.54455E+005  1.00000E-040  1.00000E-040  1.00000E-040  1.34991E-013  1.00000E-040  1.00000E-040  1.00000E-040  1.00000E-040  1.00000E-040  1.00000E-040  1.00000E-040  1.00000E-040  1.00000E-040  1.00000E-040  1.31033E-027  1.00000E-040  1.07080E-040  1.77980E-008  1.18758E-006  4.83916E-005  1.34220E-008  7.67326E-006  2.00078E-001  3.97304E-008  3.64693E-004  2.03328E-019  4.09720E-013  1.77315E-039  1.14389E-031  1.65994E-024  1.88646E-016  1.41421E-008  4.72913E-021  1.08323E-035  1.00000E-040  1.00000E-040  5.57149E-035  5.07878E-022  2.05664E-020  2.43280E-015  4.40532E-014  9.94832E-039  1.00000E-040  3.62859E-027  6.30983E-035  3.62197E-013  1.99771E-012  7.99499E-001  1.41872E-022  1.77471E-024  2.01613E-023  1.00000E-040  1.00000E-040  6.87269E-033  7.58190E-027  2.10222E-008  8.15054E-017  5.40230E-010  4.03460E-015  6.09948E-010  2.81293E-011  3.99920E-007  1.70850E-012  3.49070E-017  3.43322E-017  5.99434E-012  2.18955E-015  3.90977E-011  3.37879E-017  1.31039E-018  1.87813E-029  1.20738E-017  1.00000E-040  7.36072E-010  7.50354E-020  2.57858E-014  5.38240E-024  3.38274E-023  1.00000E-040  1.00000E-040  1.00000E-040  1.00000E-040  8.33121E-013  3.39648E-037  9.08604E-037  3.83643E-026  7.01707E-023  1.57611E-026  5.69483E-037  2.50250E-027  1.42224E-019  5.04466E-019  4.18771E-017  3.10885E-023  3.61682E-031  1.00000E-040  9.59871E-018  1.00000E-040  4.61390E-026  3.46395E-029  2.06477E-022  8.54672E-033  2.51411E-019  1.35055E-023  1.00000E-040  3.54373E-016  1.00000E-040  1.00000E-040  6.62141E-024  1.73398E-035  2.02058E-025  1.16078E-038  5.30302E-014  1.00000E-040  1.00000E-003  1.00000E-005  1.00000E-005  1.00000E-005  1.00000E-005  1.00000E-005  1.00000E-005  1.00000E-005  1.00000E-005  1.00000E-005  1.00000E-005  1.00000E-005  1.00000E-005  1.00000E-005  1.00000E-005  1.00000E-005  
7.55000E+001  2.34107E-005  8.15902E+014  2.07823E+002  3.64455E+005  1.00000E-040  1.00000E-040  1.00000E-040  3.32183E-013  1.00000E-040  1.00000E-040  1.00000E-040  1.00000E-040  1.00000E-040  1.00000E-040  1.00000E-040  1.00000E-040  1.00000E-040  1.00000E-040  1.29684E-027  1.00000E-040  1.07608E-040  2.67410E-008  1.32232E-006  4.81250E-005  1.51192E-008  9.07057E-006  2.00015E-001  4.98643E-008  3.64178E-004  2.08068E-019  3.72810E-013  3.61067E-039  1.60683E-031  1.57868E-024  1.64170E-016  1.41099E-008  5.56222E-021  1.02706E-035  1.00000E-040  1.00000E-040  5.47729E-035  4.60679E-022  1.95786E-020  2.48585E-015  4.38603E-014  9.73900E-039  1.00000E-040  4.01792E-027  5.85490E-035  3.96302E-013  2.49865E-012  7.99562E-001  2.02060E-022  1.99543E-024  2.20219E-023  1.00000E-040  1.00000E-040  5.95822E-033  6.35874E-027  2.04325E-008  8.67777E-017  5.94095E-010  4.02024E-015  5.75000E-010  3.04967E-011  3.52492E-007  1.48400E-012  2.63470E-017  2.93313E-017  5.14773E-012  1.59890E-015  3.84357E-011  3.20667E-017  1.28855E-018  1.00080E-029  8.69558E-018  1.00000E-040  7.34711E-010  6.87057E-020  2.24040E-014  4.64929E-024  2.95765E-023  1.00000E-040  1.00000E-040  1.00000E-040  1.00000E-040  7.18537E-013  2.68401E-037  9.07538E-037  3.21473E-026  6.36315E-023  1.44386E-026  4.93754E-037  2.05344E-027  1.38155E-019  3.69964E-019  3.59241E-017  2.80751E-023  2.92953E-031  1.00000E-040  9.76451E-018  1.00000E-040  3.85649E-026  3.80836E-029  1.95343E-022  6.13139E-033  1.63964E-019  1.36454E-023  1.00000E-040  3.61867E-016  1.00000E-040  1.00000E-040  4.46057E-024  2.14714E-035  2.31309E-025  1.42613E-038  5.41008E-014  1.00000E-040  1.00000E-003  1.00000E-005  1.00000E-005  1.00000E-005  1.00000E-005  1.00000E-005  1.00000E-005  1.00000E-005  1.00000E-005  1.00000E-005  1.00000E-005  1.00000E-005  1.00000E-005  1.00000E-005  1.00000E-005  1.00000E-005  
7.65000E+001  1.99301E-005  7.01184E+014  2.05870E+002  3.74456E+005  1.00000E-040  1.00000E-040  1.00000E-040  7.96310E-013  1.00000E-040  1.00000E-040  1.00000E-040  1.00000E-040  1.00000E-040  1.00000E-040  1.00000E-040  1.00000E-040  1.00000E-040  1.00000E-040  1.28440E-027  1.00000E-040  1.08209E-040  4.03669E-008  1.47341E-006  4.78238E-005  1.71885E-008  1.06324E-005  1.99944E-001  6.28164E-008  3.63594E-004  2.12304E-019  3.37963E-013  7.52745E-039  2.30149E-031  1.52415E-024  1.43813E-016  1.40793E-008  6.52678E-021  9.89124E-036  1.00000E-040  1.00000E-040  5.37234E-035  4.25682E-022  1.88278E-020  2.51788E-015  4.36715E-014  9.74339E-039  1.00000E-040  4.43995E-027  5.47052E-035  4.34809E-013  3.07061E-012  7.99632E-001  2.85698E-022  2.27594E-024  2.42014E-023  1.00000E-040  1.00000E-040  5.59654E-033  5.58842E-027  1.98407E-008  9.33847E-017  6.60825E-010  4.00456E-015  5.42554E-010  3.39153E-011  3.06184E-007  1.31397E-012  2.02007E-017  2.52049E-017  4.41027E-012  1.19918E-015  3.69815E-011  2.98719E-017  1.27212E-018  7.04604E-030  6.14100E-018  1.00000E-040  7.33152E-010  6.31917E-020  1.96326E-014  4.09310E-024  2.62674E-023  1.00000E-040  1.00000E-040  1.00000E-040  1.00000E-040  6.06546E-013  2.10999E-037  9.60929E-037  2.75085E-026  5.77927E-023  1.34205E-026  4.55858E-037  1.67055E-027  1.35741E-019  2.76584E-019  3.06404E-017  2.52730E-023  2.31780E-031  1.00000E-040  9.90452E-018  1.00000E-040  3.29016E-026  4.20742E-029  1.83600E-022  4.68535E-033  1.08363E-019  1.39040E-023  1.00000E-040  3.69641E-016  1.00000E-040  1.00000E-040  3.03588E-024  2.68418E-035  2.64643E-025  1.79617E-038  5.44569E-014  1.00000E-040  1.00000E-003  1.00000E-005  1.00000E-005  1.00000E-005  1.00000E-005  1.00000E-005  1.00000E-005  1.00000E-005  1.00000E-005  1.00000E-005  1.00000E-005  1.00000E-005  1.00000E-005  1.00000E-005  1.00000E-005  1.00000E-005  
7.75000E+001  1.69417E-005  6.01755E+014  2.03917E+002  3.84457E+005  1.00000E-040  1.00000E-040  1.00000E-040  1.77356E-012  1.00000E-040  1.00000E-040  1.00000E-040  1.00000E-040  1.00000E-040  1.00000E-040  1.00000E-040  1.00000E-040  1.00000E-040  1.00000E-040  1.27270E-027  1.00000E-040  1.08894E-040  6.13005E-008  1.64261E-006  4.74826E-005  1.97819E-008  1.23305E-005  1.99863E-001  7.94257E-008  3.62929E-004  2.16142E-019  3.05121E-013  1.62054E-038  3.38602E-031  1.50292E-024  1.27203E-016  1.40497E-008  7.63248E-021  9.71239E-036  1.00000E-040  1.00000E-040  5.25547E-035  4.03115E-022  1.83391E-020  2.52093E-015  4.34921E-014  1.00356E-038  1.00000E-040  4.89128E-027  5.16148E-035  4.78364E-013  3.70332E-012  7.99712E-001  4.01098E-022  2.64076E-024  2.69445E-023  1.00000E-040  1.00000E-040  5.79432E-033  5.20300E-027  1.92451E-008  1.01919E-016  7.46032E-010  3.98736E-015  5.12410E-010  3.90629E-011  2.61203E-007  1.19086E-012  1.57843E-017  2.18500E-017  3.76838E-012  9.31624E-016  3.36410E-011  2.72245E-017  1.26230E-018  4.01998E-030  4.22876E-018  1.00000E-040  7.31367E-010  5.83257E-020  1.74047E-014  3.68669E-024  2.37496E-023  1.00000E-040  1.00000E-040  1.00000E-040  1.00000E-040  4.97448E-013  1.66041E-037  1.09102E-036  2.41418E-026  5.25932E-023  1.27334E-026  4.54242E-037  1.35540E-027  1.35276E-019  2.12895E-019  2.59411E-017  2.27709E-023  1.79909E-031  1.00000E-040  1.00223E-017  1.00000E-040  2.87750E-026  4.68128E-029  1.71214E-022  3.87569E-033  7.29427E-020  1.43333E-023  1.00000E-040  3.77720E-016  1.00000E-040  1.00000E-040  2.09950E-024  3.40882E-035  3.02658E-025  2.30484E-038  5.39008E-014  1.00000E-040  1.00000E-003  1.00000E-005  1.00000E-005  1.00000E-005  1.00000E-005  1.00000E-005  1.00000E-005  1.00000E-005  1.00000E-005  1.00000E-005  1.00000E-005  1.00000E-005  1.00000E-005  1.00000E-005  1.00000E-005  1.00000E-005  
7.85000E+001  1.43796E-005  5.15688E+014  2.01965E+002  3.94459E+005  1.00000E-040  1.00000E-040  1.00000E-040  3.06476E-012  1.00000E-040  1.00000E-040  1.00000E-040  1.00000E-040  1.00000E-040  1.00000E-040  1.00000E-040  1.00000E-040  1.00000E-040  1.00000E-040  1.26149E-027  1.00000E-040  1.09677E-040  9.40235E-008  1.83162E-006  4.70949E-005  2.32518E-008  1.40619E-005  1.99770E-001  1.00814E-007  3.62170E-004  2.20225E-019  2.74430E-013  3.69815E-038  5.23159E-031  1.54134E-024  1.14653E-016  1.40204E-008  8.86925E-021  9.81958E-036  1.00000E-040  1.00000E-040  5.12546E-035  3.97260E-022  1.82212E-020  2.47444E-015  4.33394E-014  1.08715E-038  1.00000E-040  5.36533E-027  4.96132E-035  5.27715E-013  4.36389E-012  7.99804E-001  5.61208E-022  3.14653E-024  3.09565E-023  1.00000E-040  1.00000E-040  6.75747E-033  5.24921E-027  1.86422E-008  1.13917E-016  8.63234E-010  3.96842E-015  4.84388E-010  4.73939E-011  2.17118E-007  1.11825E-012  1.26999E-017  1.92131E-017  3.20769E-012  7.63794E-016  2.72982E-011  2.41817E-017  1.26829E-018  2.21220E-030  2.82205E-018  1.00000E-040  7.29323E-010  5.39784E-020  1.56874E-014  3.43764E-024  2.20315E-023  1.00000E-040  1.00000E-040  1.00000E-040  1.00000E-040  3.91640E-013  1.32535E-037  1.36332E-036  2.20318E-026  4.80463E-023  1.25572E-026  5.01643E-037  1.10992E-027  1.37767E-019  1.71733E-019  2.17417E-017  2.07540E-023  1.38911E-031  1.00000E-040  1.01204E-017  1.00000E-040  2.61546E-026  5.28962E-029  1.58148E-022  3.60233E-033  5.07483E-020  1.50873E-023  1.00000E-040  3.86132E-016  1.00000E-040  1.00000E-040  1.50197E-024  2.80459E-035  3.46042E-025  2.99857E-038  5.20488E-014  1.00000E-040  1.00000E-003  1.00000E-005  1.00000E-005  1.00000E-005  1.00000E-005  1.00000E-005  1.00000E-005  1.00000E-005  1.00000E-005  1.00000E-005  1.00000E-005  1.00000E-005  1.00000E-005  1.00000E-005  1.00000E-005  1.00000E-005  
7.95000E+001  1.21870E-005  4.40917E+014  2.00196E+002  4.03537E+005  1.00000E-040  1.00000E-040  1.00000E-040  2.93388E-012  1.00000E-040  1.00000E-040  1.00000E-040  1.00000E-040  1.00000E-040  1.00000E-040  1.00000E-040  1.00000E-040  1.00000E-040  1.00000E-040  1.25157E-027  1.00000E-040  1.10574E-040  1.47578E-007  2.04206E-006  4.66506E-005  2.84085E-008  1.56080E-005  1.99666E-001  1.28570E-007  3.61303E-004  2.27784E-019  2.46929E-013  9.65823E-038  9.01257E-031  1.71978E-024  1.07892E-016  1.39909E-008  1.02033E-020  1.04484E-035  1.00000E-040  1.00000E-040  4.98083E-035  4.18932E-022  1.87661E-020  2.34722E-015  4.32408E-014  1.29984E-038  1.00000E-040  5.85643E-027  5.08877E-035  5.83814E-013  4.97084E-012  7.99908E-001  7.90256E-022  3.98016E-024  3.81728E-023  1.00000E-040  1.00000E-040  8.79665E-033  3.63998E-027  1.80258E-008  1.33284E-016  1.04591E-009  3.94748E-015  4.58290E-010  6.16322E-011  1.72657E-007  1.11475E-012  1.07114E-017  1.72500E-017  2.70930E-012  6.77650E-016  2.03935E-011  2.08433E-017  1.31357E-018  2.28728E-030  1.79476E-018  1.00000E-040  7.26980E-010  5.00513E-020  1.44646E-014  3.39520E-024  2.12874E-023  1.00000E-040  1.00000E-040  1.00000E-040  1.00000E-040  2.88537E-013  1.10587E-037  1.21366E-036  2.15620E-026  4.50103E-023  1.35126E-026  6.09573E-037  9.71707E-028  1.45500E-019  1.49048E-019  1.78856E-017  1.96237E-023  1.10505E-031  1.00000E-040  1.02006E-017  1.00000E-040  2.54732E-026  6.25479E-029  1.44339E-022  2.53352E-033  3.75792E-020  1.64269E-023  1.00000E-040  3.94918E-016  1.00000E-040  1.00000E-040  1.16311E-024  6.08885E-035  3.95675E-025  3.94216E-038  4.82092E-014  1.00000E-040  1.00000E-003  1.00000E-005  1.00000E-005  1.00000E-005  1.00000E-005  1.00000E-005  1.00000E-005  1.00000E-005  1.00000E-005  1.00000E-005  1.00000E-005  1.00000E-005  1.00000E-005  1.00000E-005  1.00000E-005  1.00000E-005  
8.05000E+001  1.03187E-005  3.74463E+014  1.99587E+002  4.06682E+005  1.00000E-040  1.00000E-040  1.00000E-040  2.18242E-013  1.00000E-040  1.00000E-040  1.00000E-040  1.00000E-040  1.00000E-040  1.00000E-040  1.00000E-040  1.00000E-040  1.00000E-040  1.00000E-040  1.24808E-027  1.00000E-040  1.11614E-040  2.44699E-007  2.27655E-006  4.61282E-005  3.66029E-008  1.67900E-005  1.99545E-001  1.65381E-007  3.60300E-004  2.50513E-019  2.26479E-013  3.44454E-037  1.96130E-030  2.26825E-024  1.11637E-016  1.39600E-008  1.16752E-020  1.21005E-035  1.00000E-040  1.00000E-040  4.81874E-035  4.82696E-022  2.05550E-020  2.14267E-015  4.31861E-014  1.84371E-038  1.00000E-040  6.37957E-027  6.62193E-035  6.48401E-013  5.40040E-012  8.00029E-001  1.13800E-021  5.86396E-024  5.31456E-023  1.00000E-040  1.00000E-040  1.81088E-032  8.80905E-027  1.73802E-008  1.68184E-016  1.36376E-009  3.92401E-015  4.33706E-010  8.55414E-011  1.26672E-007  1.20120E-012  9.43363E-018  1.58189E-017  2.24804E-012  6.50588E-016  1.96031E-011  1.73553E-017  1.44637E-018  5.51879E-031  1.02949E-018  1.00000E-040  7.24264E-010  4.64589E-020  1.36782E-014  3.61724E-024  2.16924E-023  1.00000E-040  1.00000E-040  1.00000E-040  1.00000E-040  1.89915E-013  1.02185E-037  3.78173E-036  2.35397E-026  4.76531E-023  1.76022E-026  1.20896E-036  1.13294E-027  1.61625E-019  1.41870E-019  1.40274E-017  2.02723E-023  9.66449E-032  1.00000E-040  1.02639E-017  1.00000E-040  2.76424E-026  8.39589E-029  1.29599E-022  6.06902E-033  3.05832E-020  1.82324E-023  1.00000E-040  4.04194E-016  1.00000E-040  1.00000E-040  1.05134E-024  1.01751E-034  4.53159E-025  5.23735E-038  4.15898E-014  1.00000E-040  1.00000E-003  1.00000E-005  1.00000E-005  1.00000E-005  1.00000E-005  1.00000E-005  1.00000E-005  1.00000E-005  1.00000E-005  1.00000E-005  1.00000E-005  1.00000E-005  1.00000E-005  1.00000E-005  1.00000E-005  1.00000E-005  
8.15000E+001  8.73469E-006  3.17077E+014  1.99526E+002  4.06996E+005  1.00000E-040  1.00000E-040  1.00000E-040  1.00000E-040  1.00000E-040  1.00000E-040  1.00000E-040  1.00000E-040  1.00000E-040  1.00000E-040  1.00000E-040  1.00000E-040  1.00000E-040  1.00000E-040  1.24764E-027  1.00000E-040  1.12835E-040  4.42340E-007  2.53510E-006  4.54867E-005  5.07202E-008  1.80573E-005  1.99404E-001  2.15596E-007  3.59123E-004  3.02975E-019  2.15277E-013  1.81805E-036  5.72963E-030  3.56605E-024  1.26875E-016  1.39267E-008  1.31700E-020  1.39727E-035  1.00000E-040  1.00000E-040  4.63571E-035  5.65302E-022  2.27868E-020  1.83704E-015  4.31903E-014  3.03653E-038  1.00000E-040  7.00273E-027  1.10309E-034  7.23836E-013  5.50568E-012  8.00170E-001  1.66886E-021  9.72458E-024  8.20451E-023  1.00000E-040  1.00000E-040  3.04172E-032  1.46937E-026  1.66828E-008  2.29482E-016  1.92095E-009  3.89736E-015  4.10220E-010  1.20610E-010  8.78171E-008  1.34913E-012  8.29771E-018  1.46252E-017  1.83505E-012  6.40420E-016  1.93564E-011  1.39913E-017  1.66849E-018  2.99752E-031  5.27548E-019  1.00000E-040  7.21065E-010  4.31833E-020  1.30400E-014  4.04288E-024  2.28249E-023  1.00000E-040  1.00000E-040  1.00000E-040  1.00000E-040  1.11226E-013  1.01361E-037  8.62788E-036  2.79716E-026  5.39445E-023  2.76518E-026  2.61025E-036  1.58231E-027  1.80415E-019  1.42618E-019  1.02806E-017  2.16130E-023  9.47292E-032  1.00000E-040  1.03086E-017  9.15686E-038  3.25199E-026  1.25998E-028  1.13792E-022  1.09795E-032  2.66935E-020  2.14371E-023  1.00000E-040  4.14056E-016  1.00000E-040  1.00000E-040  1.07604E-024  1.95436E-034  5.20708E-025  7.03637E-038  3.40506E-014  1.00000E-040  1.00000E-003  1.00000E-005  1.00000E-005  1.00000E-005  1.00000E-005  1.00000E-005  1.00000E-005  1.00000E-005  1.00000E-005  1.00000E-005  1.00000E-005  1.00000E-005  1.00000E-005  1.00000E-005  1.00000E-005  1.00000E-005  
8.25000E+001  7.39408E-006  2.68412E+014  1.99526E+002  4.06996E+005  1.00000E-040  1.00000E-040  1.00000E-040  1.00000E-040  1.00000E-040  1.00000E-040  1.00000E-040  1.00000E-040  1.00000E-040  1.00000E-040  1.00000E-040  1.00000E-040  1.00000E-040  1.00000E-040  1.24760E-027  1.00000E-040  1.14274E-040  8.96415E-007  2.80426E-006  4.46491E-005  6.58179E-008  2.37520E-005  1.99236E-001  2.86106E-007  3.57734E-004  3.73927E-019  2.02657E-013  1.78724E-035  2.77706E-029  4.31827E-024  1.18945E-016  1.38905E-008  1.51681E-020  1.11136E-035  1.00000E-040  1.00000E-040  4.42957E-035  5.02226E-022  2.05411E-020  1.67854E-015  4.29976E-014  3.22017E-038  1.00000E-040  7.87166E-027  1.03898E-033  8.12311E-013  5.80786E-012  8.00334E-001  2.39150E-021  1.48416E-023  1.33731E-022  1.00000E-040  1.00000E-040  3.43979E-032  1.61562E-026  1.59115E-008  2.84972E-016  2.47513E-009  3.86711E-015  3.87682E-010  1.43224E-010  6.83707E-008  1.14084E-012  5.40206E-018  1.29644E-017  1.48549E-012  4.94253E-016  1.90707E-011  1.11830E-017  1.69718E-018  2.08018E-030  2.33773E-019  1.00000E-040  7.17282E-010  4.03329E-020  1.17174E-014  3.72215E-024  2.11207E-023  1.00000E-040  1.00000E-040  1.00000E-040  1.00000E-040  6.64610E-014  7.09308E-038  1.25925E-035  2.56901E-026  5.89640E-023  3.36518E-026  6.59437E-036  2.05773E-027  1.60355E-019  1.08064E-019  6.80619E-018  1.60429E-023  9.42763E-032  1.00000E-040  1.03289E-017  4.03954E-032  2.97064E-026  1.63333E-028  9.71242E-023  9.98188E-033  1.55765E-020  2.34352E-023  1.00000E-040  4.24379E-016  1.00000E-040  1.00000E-040  8.59081E-025  3.47209E-034  6.00479E-025  9.54321E-038  3.13216E-014  1.00000E-040  1.00000E-003  1.00000E-005  1.00000E-005  1.00000E-005  1.00000E-005  1.00000E-005  1.00000E-005  1.00000E-005  1.00000E-005  1.00000E-005  1.00000E-005  1.00000E-005  1.00000E-005  1.00000E-005  1.00000E-005  1.00000E-005  
8.35000E+001  6.25966E-006  2.27231E+014  1.99526E+002  4.06996E+005  1.00000E-040  1.00000E-040  1.00000E-040  1.00000E-040  1.00000E-040  1.00000E-040  1.00000E-040  1.00000E-040  1.00000E-040  1.00000E-040  1.00000E-040  1.00000E-040  1.00000E-040  1.00000E-040  1.24773E-027  1.00000E-040  1.15967E-040  1.86483E-006  3.04392E-006  4.35181E-005  5.69641E-008  5.08413E-005  1.99028E-001  3.86120E-007  3.56092E-004  3.89034E-019  1.62382E-013  8.82743E-034  6.58648E-028  1.79234E-024  5.51280E-017  1.38507E-008  1.95417E-020  3.73499E-036  1.00000E-040  1.00000E-040  4.19917E-035  2.20482E-022  1.11135E-020  2.25019E-015  4.20172E-014  8.11183E-039  1.00000E-040  9.16977E-027  4.64259E-032  9.16000E-013  8.47431E-012  8.00517E-001  3.09758E-021  1.43014E-023  2.13757E-022  1.00000E-040  1.00000E-040  1.48329E-032  4.54045E-027  1.50450E-008  2.21744E-016  2.04291E-009  3.83320E-015  3.66059E-010  1.04957E-010  7.94396E-008  4.46187E-013  1.80617E-018  1.03546E-017  1.20515E-012  2.15528E-016  1.87407E-011  9.19943E-018  1.22295E-018  2.52887E-032  9.02409E-020  1.00000E-040  7.12823E-010  3.80012E-020  9.36862E-015  1.78812E-024  1.20416E-023  1.00000E-040  1.00000E-040  1.00000E-040  1.00000E-040  5.71115E-014  1.86811E-038  4.09370E-036  9.98530E-027  5.98442E-023  1.43413E-026  6.20420E-035  1.73138E-027  8.32230E-020  4.07839E-020  4.28046E-018  5.07548E-024  7.41762E-032  1.00000E-040  1.03194E-017  1.00000E-040  1.20004E-026  1.30537E-028  8.02948E-023  9.62110E-034  2.86045E-021  1.67033E-023  1.00000E-040  4.34705E-016  1.00000E-040  1.00000E-040  3.39636E-025  3.90360E-034  6.94630E-025  1.30355E-037  4.30008E-014  1.00000E-040  1.00000E-003  1.00000E-005  1.00000E-005  1.00000E-005  1.00000E-005  1.00000E-005  1.00000E-005  1.00000E-005  1.00000E-005  1.00000E-005  1.00000E-005  1.00000E-005  1.00000E-005  1.00000E-005  1.00000E-005  1.00000E-005  
8.45000E+001  5.29979E-006  1.92387E+014  1.99526E+002  4.06996E+005  1.00000E-040  1.00000E-040  1.00000E-040  1.00000E-040  1.00000E-040  1.00000E-040  1.00000E-040  1.00000E-040  1.00000E-040  1.00000E-040  1.00000E-040  1.00000E-040  1.00000E-040  1.00000E-040  1.24805E-027  1.00000E-040  1.17958E-040  3.32815E-006  3.21569E-006  4.21318E-005  3.54447E-008  1.39280E-004  1.98749E-001  5.19881E-007  3.54152E-004  4.52588E-019  1.11067E-013  4.04852E-032  1.69023E-026  2.92460E-024  2.11544E-017  1.38060E-008  2.90902E-020  7.83525E-037  1.00000E-040  1.00000E-040  3.94406E-035  5.55508E-023  4.19602E-021  4.02200E-015  3.97718E-014  7.24645E-039  1.00000E-040  1.09278E-026  1.37159E-030  1.03733E-012  1.95408E-011  8.00708E-001  4.11929E-021  9.24642E-024  3.09468E-022  1.00000E-040  1.00000E-040  3.97936E-033  9.43217E-028  1.40677E-008  1.14547E-016  1.13979E-009  3.79625E-015  3.45331E-010  5.19382E-011  1.21073E-007  1.15626E-013  4.35459E-019  7.99379E-018  9.85514E-013  7.10453E-017  1.83608E-011  7.71077E-018  6.89084E-019  4.66809E-033  3.50911E-020  1.00000E-040  7.07596E-010  3.59759E-020  7.53876E-015  5.03842E-025  3.89995E-024  1.00000E-040  1.00000E-040  1.00000E-040  1.00000E-040  6.72384E-014  2.58017E-038  9.66051E-037  2.39181E-027  6.46752E-023  2.54384E-026  6.62692E-034  9.81807E-028  3.05797E-020  1.31130E-020  2.93056E-018  1.66014E-024  4.13793E-032  1.00000E-040  1.02851E-017  1.00000E-040  3.05908E-027  6.83075E-029  6.44827E-023  3.88540E-035  3.49611E-022  8.19363E-024  1.00000E-040  4.44202E-016  1.00000E-040  1.00000E-040  5.79195E-025  2.94798E-034  8.05213E-025  1.79005E-037  7.74703E-014  1.00000E-040  1.00000E-003  1.00000E-005  1.00000E-005  1.00000E-005  1.00000E-005  1.00000E-005  1.00000E-005  1.00000E-005  1.00000E-005  1.00000E-005  1.00000E-005  1.00000E-005  1.00000E-005  1.00000E-005  1.00000E-005  1.00000E-005  
8.55000E+001  4.48767E-006  1.62907E+014  1.99526E+002  4.06996E+005  1.00000E-040  1.00000E-040  1.00000E-040  1.00000E-040  1.00000E-040  1.00000E-040  1.00000E-040  1.00000E-040  1.00000E-040  1.00000E-040  1.00000E-040  1.00000E-040  1.00000E-040  1.00000E-040  1.24842E-027  1.00000E-040  1.20296E-040  5.10635E-006  3.32701E-006  4.05686E-005  2.21922E-008  3.44922E-004  1.98363E-001  6.86890E-007  3.51869E-004  6.87542E-019  8.25413E-014  1.00478E-030  2.72881E-025  3.47975E-023  1.25411E-017  1.37551E-008  4.56290E-020  1.83967E-037  1.00000E-040  1.00000E-040  3.66469E-035  1.13720E-023  1.54205E-021  6.82208E-015  3.64299E-014  5.44093E-038  1.00000E-040  1.28552E-026  2.52649E-029  1.17904E-012  7.35726E-011  8.00890E-001  8.24940E-021  5.69034E-024  4.01041E-022  1.00000E-040  1.00000E-040  6.89020E-033  2.07062E-027  1.29656E-008  5.54464E-017  6.01803E-010  3.75696E-015  3.25480E-010  2.19535E-011  1.79251E-007  4.12490E-014  1.41387E-019  6.68891E-018  8.09580E-013  2.20260E-017  1.79251E-011  6.42574E-018  3.96636E-019  9.82772E-034  1.49469E-020  1.00000E-040  7.01499E-010  3.39947E-020  6.29580E-015  1.68752E-025  1.37529E-024  1.00000E-040  1.00000E-040  1.00000E-040  1.00000E-040  7.90632E-014  3.12538E-037  3.46720E-036  7.89813E-028  7.29739E-023  3.59330E-025  4.87730E-033  5.23658E-028  1.11258E-020  5.22862E-021  2.15101E-018  1.50954E-024  1.96983E-032  1.00000E-040  1.02333E-017  1.00000E-040  1.01608E-027  3.32510E-029  5.06625E-023  2.74741E-035  7.23716E-023  3.83010E-024  1.00000E-040  4.52066E-016  1.00000E-040  1.00000E-040  3.85820E-024  2.11931E-034  9.34341E-025  2.46798E-037  1.35750E-013  1.00000E-040  1.00000E-003  1.00000E-005  1.00000E-005  1.00000E-005  1.00000E-005  1.00000E-005  1.00000E-005  1.00000E-005  1.00000E-005  1.00000E-005  1.00000E-005  1.00000E-005  1.00000E-005  1.00000E-005  1.00000E-005  1.00000E-005  
8.65000E+001  3.80066E-006  1.37967E+014  1.99526E+002  4.06996E+005  1.00000E-040  1.00000E-040  1.00000E-040  1.00000E-040  1.00000E-040  1.00000E-040  1.00000E-040  1.00000E-040  1.00000E-040  1.00000E-040  1.00000E-040  1.00000E-040  1.00000E-040  1.00000E-040  1.24880E-027  1.00000E-040  1.23036E-040  7.09131E-006  3.39738E-006  3.88674E-005  1.51011E-008  7.30823E-004  1.97826E-001  8.87875E-007  3.49190E-004  1.11406E-018  6.96565E-014  1.50352E-029  2.93237E-024  2.87102E-022  9.86887E-018  1.36973E-008  6.98816E-020  5.25941E-038  1.00000E-040  1.00000E-040  3.36268E-035  2.31862E-024  6.07764E-022  1.01686E-014  3.24728E-014  3.24585E-037  1.00000E-040  1.44918E-026  3.11086E-028  1.34421E-012  3.42485E-010  8.01044E-001  2.14052E-020  3.70783E-024  4.75343E-022  1.00000E-040  1.00000E-040  3.15725E-032  1.19548E-026  1.17080E-008  2.78098E-017  3.34684E-010  3.71562E-015  3.06493E-010  8.62079E-012  2.41250E-007  2.24031E-014  6.78880E-020  6.18608E-018  6.64805E-013  6.76699E-018  1.74279E-011  5.29530E-018  2.62080E-019  1.00000E-040  6.87456E-021  1.00000E-040  6.94406E-010  3.19466E-020  5.38252E-015  8.96787E-026  7.47532E-025  1.00000E-040  1.00000E-040  1.00000E-040  1.00000E-040  8.55235E-014  2.83680E-036  1.95887E-035  4.24162E-028  8.31804E-023  3.84339E-024  2.72215E-032  2.93985E-028  4.36860E-021  2.54067E-021  1.65611E-018  2.62264E-024  9.24781E-033  1.00000E-040  1.01667E-017  3.26907E-036  5.44934E-028  1.61066E-029  3.92395E-023  2.92140E-035  2.30025E-023  1.83731E-024  1.00000E-040  4.57784E-016  1.00000E-040  1.00000E-040  2.27823E-023  1.58769E-034  1.08444E-024  3.41290E-037  2.16931E-013  1.00000E-040  1.00000E-003  1.00000E-005  1.00000E-005  1.00000E-005  1.00000E-005  1.00000E-005  1.00000E-005  1.00000E-005  1.00000E-005  1.00000E-005  1.00000E-005  1.00000E-005  1.00000E-005  1.00000E-005  1.00000E-005  1.00000E-005  
8.75000E+001  3.21954E-006  1.16872E+014  1.99526E+002  4.06996E+005  1.00000E-040  1.00000E-040  1.00000E-040  1.00000E-040  1.00000E-040  1.00000E-040  1.00000E-040  1.00000E-040  1.00000E-040  1.00000E-040  1.00000E-040  1.00000E-040  1.00000E-040  1.00000E-040  1.24917E-027  1.00000E-040  1.26244E-040  9.21204E-006  3.44173E-006  3.70533E-005  1.09764E-008  1.36216E-003  1.97092E-001  1.12505E-006  3.46060E-004  1.72168E-018  6.28341E-014  1.49111E-028  2.23039E-023  1.58689E-021  8.70584E-018  1.36322E-008  1.01890E-019  1.74799E-038  1.00000E-040  1.00000E-040  3.04109E-035  5.36352E-025  2.57789E-022  1.35739E-014  2.83882E-014  1.40817E-036  1.00000E-040  1.54979E-026  2.72364E-027  1.53626E-012  1.45402E-009  8.01149E-001  5.37466E-020  2.57107E-024  5.26526E-022  1.00000E-040  1.80699E-040  1.55062E-031  4.84006E-026  1.02620E-008  1.43963E-017  1.97385E-010  3.67214E-015  2.88360E-010  3.23346E-012  2.98898E-007  1.47751E-014  3.89128E-020  6.01972E-018  5.43906E-013  2.09124E-018  1.68640E-011  4.32701E-018  1.96116E-019  1.00000E-040  3.31926E-021  1.00000E-040  6.86181E-010  2.98128E-020  4.66312E-015  6.51335E-026  5.49728E-025  1.00000E-040  1.00000E-040  1.00000E-040  1.00000E-040  8.59743E-014  1.75784E-035  1.07423E-034  3.10108E-028  9.52324E-023  2.91952E-023  1.19601E-031  1.75891E-028  1.85004E-021  1.42819E-021  1.32957E-018  5.28496E-024  4.25411E-033  1.00000E-040  1.00858E-017  5.94623E-031  3.99366E-028  8.92504E-030  3.01690E-023  3.89131E-035  9.25878E-024  8.91998E-025  1.00000E-040  4.61122E-016  1.00000E-040  1.00000E-040  1.06537E-022  1.00000E-040  1.25821E-024  4.73004E-037  3.21322E-013  1.00000E-040  1.00000E-003  1.00000E-005  1.00000E-005  1.00000E-005  1.00000E-005  1.00000E-005  1.00000E-005  1.00000E-005  1.00000E-005  1.00000E-005  1.00000E-005  1.00000E-005  1.00000E-005  1.00000E-005  1.00000E-005  1.00000E-005  
8.85000E+001  2.72801E-006  9.90293E+013  1.99526E+002  4.06996E+005  1.00000E-040  1.00000E-040  1.00000E-040  1.00000E-040  1.00000E-040  1.00000E-040  1.00000E-040  1.00000E-040  1.00000E-040  1.00000E-040  1.00000E-040  1.00000E-040  1.00000E-040  1.00000E-040  1.24952E-027  1.00000E-040  1.29997E-040  1.14141E-005  3.46982E-006  3.51496E-005  8.32796E-009  2.30079E-003  1.96119E-001  1.40149E-006  3.42421E-004  2.47759E-018  5.86884E-014  1.05340E-027  1.26542E-022  6.40155E-021  8.07865E-018  1.35599E-008  1.41417E-019  6.49909E-039  1.00000E-040  1.00000E-040  2.70462E-035  1.46830E-025  1.16537E-022  1.66794E-014  2.45334E-014  4.69529E-036  1.00000E-040  1.58103E-026  1.79057E-026  1.75895E-012  5.18446E-009  8.01186E-001  1.19222E-019  1.87739E-024  5.53829E-022  1.00000E-040  9.52488E-040  6.62730E-031  1.61444E-025  8.66467E-009  7.55713E-018  1.22280E-010  3.62610E-015  2.71074E-010  1.17278E-012  3.47189E-007  1.01674E-014  2.30570E-020  5.86131E-018  4.42804E-013  6.54257E-019  1.62292E-011  3.52173E-018  1.59574E-019  1.86226E-034  1.65154E-021  1.00000E-040  6.76682E-010  2.76192E-020  4.07084E-015  5.41805E-026  4.61266E-025  1.00000E-040  1.00000E-040  1.00000E-040  1.00000E-040  8.19286E-014  7.93873E-035  4.85832E-034  2.59353E-028  1.09569E-022  1.65489E-022  4.24838E-031  1.11894E-028  8.35705E-022  8.93685E-022  1.11166E-018  1.03710E-023  1.00000E-040  1.00000E-040  9.98981E-018  3.82601E-036  3.34781E-028  5.09424E-030  2.31620E-023  4.94271E-035  4.30913E-024  4.32404E-025  1.00000E-040  4.62051E-016  1.00000E-040  1.00000E-040  3.97015E-022  1.10205E-034  1.45856E-024  6.56531E-037  4.51955E-013  1.00000E-040  1.00000E-003  1.00000E-005  1.00000E-005  1.00000E-005  1.00000E-005  1.00000E-005  1.00000E-005  1.00000E-005  1.00000E-005  1.00000E-005  1.00000E-005  1.00000E-005  1.00000E-005  1.00000E-005  1.00000E-005  1.00000E-005  
8.95000E+001  2.31228E-006  8.39380E+013  1.99526E+002  4.06996E+005  1.00000E-040  1.00000E-040  1.00000E-040  1.00000E-040  1.00000E-040  1.00000E-040  1.00000E-040  1.00000E-040  1.00000E-040  1.00000E-040  1.00000E-040  1.00000E-040  1.00000E-040  1.00000E-040  1.24986E-027  1.00000E-040  1.34382E-040  1.36525E-005  3.48782E-006  3.31811E-005  6.48849E-009  3.60032E-003  1.94869E-001  1.72078E-006  3.38215E-004  3.33775E-018  5.61494E-014  5.61161E-027  5.59994E-022  2.02294E-020  7.71613E-018  1.34810E-008  1.88392E-019  2.64548E-039  1.00000E-040  1.00000E-040  2.35963E-035  4.62457E-026  5.56888E-023  1.92994E-014  2.10909E-014  1.27354E-035  1.00000E-040  1.55870E-026  9.31459E-026  2.01639E-012  1.55151E-008  8.01140E-001  2.31269E-019  1.42872E-024  5.59516E-022  1.00000E-040  4.37150E-039  2.46063E-030  4.54048E-025  7.09367E-009  4.00901E-018  7.88008E-011  3.57695E-015  2.54633E-010  4.15003E-013  3.83378E-007  6.96728E-015  1.35343E-020  5.56116E-018  3.58847E-013  2.08056E-019  1.55208E-011  2.86717E-018  1.37320E-019  1.27649E-034  8.37762E-022  1.00000E-040  6.65771E-010  2.54135E-020  3.57013E-015  4.75037E-026  4.06571E-025  1.00000E-040  1.00000E-040  1.00000E-040  1.00000E-040  7.51714E-014  2.79323E-034  1.86193E-033  2.28175E-028  1.27148E-022  7.31824E-022  1.25190E-030  7.56987E-029  3.99192E-022  6.06457E-022  9.69894E-019  1.89659E-023  1.00000E-040  1.00000E-040  9.87765E-018  3.29051E-040  2.95011E-028  3.00016E-030  1.78458E-023  5.88022E-035  2.22199E-024  2.08618E-025  1.00000E-040  4.60674E-016  1.00000E-040  1.00000E-040  1.20405E-021  1.00000E-040  1.68853E-024  9.12018E-037  6.16844E-013  1.00000E-040  1.00000E-003  1.00000E-005  1.00000E-005  1.00000E-005  1.00000E-005  1.00000E-005  1.00000E-005  1.00000E-005  1.00000E-005  1.00000E-005  1.00000E-005  1.00000E-005  1.00000E-005  1.00000E-005  1.00000E-005  1.00000E-005  
9.05000E+001  1.96064E-006  7.11731E+013  1.99526E+002  4.06996E+005  1.00000E-040  1.00000E-040  1.00000E-040  1.00000E-040  1.00000E-040  1.00000E-040  1.00000E-040  1.00000E-040  1.00000E-040  1.00000E-040  1.00000E-040  1.00000E-040  1.00000E-040  1.00000E-040  1.25017E-027  1.00000E-040  1.39501E-040  1.58881E-005  3.49962E-006  3.11751E-005  5.13671E-009  5.30250E-003  1.93313E-001  2.08675E-006  3.33385E-004  4.26740E-018  5.48577E-014  2.36125E-026  2.00862E-021  5.27767E-020  7.53065E-018  1.33959E-008  2.43218E-019  1.16490E-039  1.00000E-040  1.00000E-040  2.01399E-035  1.60964E-026  2.79607E-023  2.13926E-014  1.80982E-014  2.94251E-035  1.00000E-040  1.50589E-026  4.06174E-025  2.31297E-012  3.96796E-008  8.00998E-001  3.96401E-019  1.12375E-024  5.47361E-022  1.00000E-040  1.76229E-038  8.00166E-030  1.09868E-024  5.77516E-009  2.18700E-018  5.24123E-011  3.52400E-015  2.39035E-010  1.44591E-013  4.06452E-007  4.79208E-015  7.95067E-021  5.09474E-018  2.89751E-013  6.75585E-020  1.47379E-011  2.34353E-018  1.23038E-019  9.26732E-035  4.30441E-022  1.00000E-040  6.53320E-010  2.32496E-020  3.14031E-015  4.25120E-026  3.64721E-025  1.00000E-040  1.00000E-040  1.00000E-040  1.00000E-040  6.71270E-014  8.08288E-034  6.17209E-033  2.04463E-028  1.50014E-022  2.62348E-021  3.13773E-030  5.46447E-029  2.00385E-022  4.38415E-022  8.86207E-019  3.21678E-023  1.00000E-040  1.00000E-040  9.74804E-018  6.80783E-040  2.64639E-028  1.84063E-030  1.38560E-023  6.49034E-035  1.24115E-024  1.00402E-025  1.00000E-040  4.57162E-016  1.00000E-040  1.00000E-040  3.04667E-021  8.95194E-035  1.95122E-024  1.26712E-036  8.31839E-013  1.00000E-040  1.00000E-003  1.00000E-005  1.00000E-005  1.00000E-005  1.00000E-005  1.00000E-005  1.00000E-005  1.00000E-005  1.00000E-005  1.00000E-005  1.00000E-005  1.00000E-005  1.00000E-005  1.00000E-005  1.00000E-005  1.00000E-005  
9.15000E+001  1.66318E-006  6.03748E+013  1.99526E+002  4.06996E+005  1.00000E-040  1.00000E-040  1.00000E-040  1.00000E-040  1.00000E-040  1.00000E-040  1.00000E-040  1.00000E-040  1.00000E-040  1.00000E-040  1.00000E-040  1.00000E-040  1.00000E-040  1.00000E-040  1.25046E-027  1.00000E-040  1.45472E-040  1.80865E-005  3.50769E-006  2.91615E-005  4.10421E-009  7.43538E-003  1.91430E-001  2.50323E-006  3.27879E-004  5.26220E-018  5.47443E-014  8.16041E-026  6.03838E-021  1.18232E-019  7.49950E-018  1.33058E-008  3.06837E-019  5.50424E-040  1.00000E-040  1.00000E-040  1.67670E-035  6.03060E-027  1.46765E-023  2.30001E-014  1.55099E-014  6.00174E-035  1.00000E-040  1.44187E-026  1.58732E-024  2.65336E-012  8.88016E-008  8.00753E-001  6.11041E-019  9.07557E-025  5.21626E-022  1.00000E-040  6.32256E-038  2.30678E-029  2.33942E-024  4.78926E-009  1.24907E-018  3.57603E-011  3.46655E-015  2.24281E-010  5.01168E-014  4.16698E-007  3.36913E-015  4.76630E-021  4.50107E-018  2.33350E-013  2.25381E-020  1.38826E-011  1.92902E-018  1.13737E-019  7.06629E-035  2.23049E-022  1.00000E-040  6.39215E-010  2.11781E-020  2.76841E-015  3.83949E-026  3.29277E-025  1.00000E-040  1.00000E-040  1.00000E-040  1.00000E-040  5.87617E-014  2.00652E-033  1.80140E-032  1.84466E-028  1.83055E-022  7.88373E-021  6.84937E-030  4.22246E-029  1.05168E-022  3.33459E-022  8.51179E-019  5.11561E-023  1.00000E-040  1.00000E-040  9.59970E-018  1.33050E-039  2.38932E-028  1.17319E-030  1.08788E-023  6.68383E-035  7.41544E-025  4.83473E-026  1.00000E-040  4.51718E-016  1.00000E-040  1.00000E-040  6.59669E-021  1.00000E-040  2.24963E-024  1.75956E-036  1.12453E-012  1.00000E-040  1.00000E-003  1.00000E-005  1.00000E-005  1.00000E-005  1.00000E-005  1.00000E-005  1.00000E-005  1.00000E-005  1.00000E-005  1.00000E-005  1.00000E-005  1.00000E-005  1.00000E-005  1.00000E-005  1.00000E-005  1.00000E-005  
9.25000E+001  1.41148E-006  5.12380E+013  1.99526E+002  4.06996E+005  1.00000E-040  1.00000E-040  1.00000E-040  1.00000E-040  1.00000E-040  1.00000E-040  1.00000E-040  1.00000E-040  1.00000E-040  1.00000E-040  1.00000E-040  1.00000E-040  1.00000E-040  1.00000E-040  1.25071E-027  1.00000E-040  1.52429E-040  2.02180E-005  3.51362E-006  2.71724E-005  3.29513E-009  1.00131E-002  1.89209E-001  2.97366E-006  3.21654E-004  6.36213E-018  5.59347E-014  2.39604E-025  1.56754E-020  2.34618E-019  7.63386E-018  1.32118E-008  3.80631E-019  2.77117E-040  1.00000E-040  1.00000E-040  1.35719E-035  2.39572E-027  8.01522E-024  2.41904E-014  1.32545E-014  1.11151E-034  1.00000E-040  1.37839E-026  5.92123E-024  3.04237E-012  1.78047E-007  8.00402E-001  8.63166E-019  7.48665E-025  4.86435E-022  1.00000E-040  2.05185E-037  5.98525E-029  4.47765E-024  4.06432E-009  7.46763E-019  2.49086E-011  3.40393E-015  2.10374E-010  1.74810E-014  4.15302E-007  2.42757E-015  2.92567E-021  3.84035E-018  1.87703E-013  7.77334E-021  1.29597E-011  1.60324E-018  1.07843E-019  5.59759E-035  1.16203E-022  1.00000E-040  6.23367E-010  1.92405E-020  2.44566E-015  3.48986E-026  2.98196E-025  1.00000E-040  1.00000E-040  1.00000E-040  1.00000E-040  5.06649E-014  4.41834E-033  4.71267E-032  1.66980E-028  2.39709E-022  2.04615E-020  1.33172E-029  3.48989E-029  5.74307E-023  2.64524E-022  8.63065E-019  7.75602E-023  1.00000E-040  1.00000E-040  9.43149E-018  2.35246E-039  2.16393E-028  7.75430E-031  8.66231E-024  6.47559E-035  4.70686E-025  2.33299E-026  1.00000E-040  4.44545E-016  1.00000E-040  1.00000E-040  1.25254E-020  8.06486E-035  2.58660E-024  2.44044E-036  1.54303E-012  1.00000E-040  1.00000E-003  1.00000E-005  1.00000E-005  1.00000E-005  1.00000E-005  1.00000E-005  1.00000E-005  1.00000E-005  1.00000E-005  1.00000E-005  1.00000E-005  1.00000E-005  1.00000E-005  1.00000E-005  1.00000E-005  1.00000E-005  
9.35000E+001  1.19846E-006  4.35051E+013  1.99526E+002  4.06996E+005  1.00000E-040  1.00000E-040  1.00000E-040  1.00000E-040  1.00000E-040  1.00000E-040  1.00000E-040  1.00000E-040  1.00000E-040  1.00000E-040  1.00000E-040  1.00000E-040  1.00000E-040  1.00000E-040  1.25093E-027  1.00000E-040  1.60527E-040  2.22571E-005  3.51845E-006  2.52413E-005  2.65063E-009  1.30363E-002  1.86651E-001  3.50038E-006  3.14673E-004  7.66200E-018  5.87826E-014  6.16009E-025  3.61054E-020  4.23340E-019  7.97505E-018  1.31157E-008  4.66250E-019  1.47626E-040  1.00000E-040  1.00000E-040  1.06446E-035  9.99367E-028  4.53266E-024  2.50270E-014  1.12672E-014  1.91298E-034  1.00000E-040  1.32057E-026  2.17112E-023  3.48495E-012  3.26213E-007  7.99942E-001  1.13550E-018  6.28208E-025  4.45434E-022  1.00000E-040  6.14265E-037  1.42384E-028  7.86386E-024  3.50787E-009  4.62750E-019  1.76462E-011  3.33554E-015  1.97321E-010  6.20988E-015  4.03984E-007  1.78032E-015  1.82705E-021  3.17099E-018  1.51149E-013  2.78391E-021  1.19777E-011  1.34864E-018  1.04479E-019  4.57329E-035  6.07109E-023  1.00000E-040  6.05716E-010  1.74668E-020  2.16582E-015  3.19569E-026  2.70862E-025  1.00000E-040  1.00000E-040  1.00000E-040  1.00000E-040  4.31611E-014  8.87079E-033  1.12745E-031  1.51629E-028  3.58301E-022  4.71280E-020  2.35565E-029  3.06456E-029  3.24761E-023  2.17528E-022  9.30797E-019  1.14062E-022  1.00000E-040  1.00000E-040  9.24246E-018  3.82279E-039  1.96570E-028  5.30846E-031  7.01318E-024  5.96833E-035  3.16613E-025  1.12790E-026  1.00000E-040  4.35835E-016  1.00000E-040  1.00000E-040  2.13591E-020  2.66418E-034  2.96456E-024  3.37848E-036  2.17879E-012  1.00000E-040  1.00000E-003  1.00000E-005  1.00000E-005  1.00000E-005  1.00000E-005  1.00000E-005  1.00000E-005  1.00000E-005  1.00000E-005  1.00000E-005  1.00000E-005  1.00000E-005  1.00000E-005  1.00000E-005  1.00000E-005  1.00000E-005  
9.45000E+001  1.01810E-006  3.69579E+013  1.99526E+002  4.06996E+005  1.00000E-040  1.00000E-040  1.00000E-040  1.00000E-040  1.00000E-040  1.00000E-040  1.00000E-040  1.00000E-040  1.00000E-040  1.00000E-040  1.00000E-040  1.00000E-040  1.00000E-040  1.00000E-040  1.25111E-027  1.00000E-040  1.69942E-040  2.41827E-005  3.52284E-006  2.34026E-005  2.13209E-009  1.64928E-002  1.83767E-001  4.08305E-006  3.06918E-004  9.33137E-018  6.40009E-014  1.42611E-024  7.56948E-020  7.11270E-019  8.60623E-018  1.30196E-008  5.65455E-019  1.00000E-040  1.00000E-040  1.00000E-040  8.06047E-036  4.34552E-028  2.64211E-024  2.55572E-014  9.50193E-015  3.12375E-034  1.00000E-040  1.26916E-026  7.73695E-023  3.98601E-012  5.54732E-007  7.99377E-001  1.40882E-018  5.34420E-025  4.01658E-022  1.00000E-040  1.73796E-036  3.17911E-028  1.29357E-023  3.06339E-009  2.94836E-019  1.26777E-011  3.26092E-015  1.85127E-010  2.27235E-015  3.84690E-007  1.32175E-015  1.15488E-021  2.53962E-018  1.22262E-013  1.03704E-021  1.09486E-011  1.15096E-018  1.03156E-019  3.83435E-035  3.17422E-023  1.00000E-040  5.86242E-010  1.58754E-020  1.92420E-015  2.95702E-026  2.47130E-025  1.00000E-040  1.00000E-040  1.00000E-040  1.00000E-040  3.64029E-014  1.66364E-032  2.52676E-031  1.38317E-028  6.41912E-022  9.88210E-020  3.86931E-029  2.82606E-029  1.89301E-023  1.84721E-022  1.08024E-018  1.65488E-022  1.00000E-040  1.00000E-040  9.03196E-018  5.83307E-039  1.79358E-028  3.76183E-031  5.78697E-024  5.30409E-035  2.26020E-025  5.45579E-027  1.00000E-040  4.25762E-016  1.00000E-040  1.00000E-040  3.35758E-020  8.24282E-035  3.38547E-024  4.66538E-036  3.21849E-012  1.00000E-040  1.00000E-003  1.00000E-005  1.00000E-005  1.00000E-005  1.00000E-005  1.00000E-005  1.00000E-005  1.00000E-005  1.00000E-005  1.00000E-005  1.00000E-005  1.00000E-005  1.00000E-005  1.00000E-005  1.00000E-005  1.00000E-005  
9.55000E+001  8.65328E-007  3.14122E+013  1.99526E+002  4.06996E+005  1.00000E-040  1.00000E-040  1.00000E-040  1.00000E-040  1.00000E-040  1.00000E-040  1.00000E-040  1.00000E-040  1.00000E-040  1.00000E-040  1.00000E-040  1.00000E-040  1.00000E-040  1.00000E-040  1.25125E-027  1.00000E-040  1.80875E-040  2.59766E-005  3.52730E-006  2.16919E-005  1.71266E-009  2.03564E-002  1.80578E-001  4.71550E-006  2.98388E-004  1.16897E-017  7.30780E-014  3.07494E-024  1.49056E-019  1.14609E-018  9.69927E-018  1.29267E-008  6.79996E-019  1.00000E-040  1.00000E-040  1.00000E-040  5.87103E-036  1.95828E-028  1.58108E-024  2.58128E-014  7.93038E-015  4.97092E-034  1.00000E-040  1.22255E-026  2.69340E-022  4.55050E-012  8.86400E-007  7.98710E-001  1.66528E-018  4.59727E-025  3.57573E-022  1.00000E-040  4.82152E-036  6.90362E-028  2.04913E-023  2.70063E-009  1.92273E-019  9.21671E-012  3.17972E-015  1.73800E-010  8.64737E-016  3.59373E-007  9.91037E-016  7.37287E-022  1.97812E-018  9.98098E-014  4.01498E-022  9.88806E-012  9.98970E-019  1.03619E-019  3.28719E-035  1.65788E-023  1.00000E-040  5.64970E-010  1.44750E-020  1.71720E-015  2.77895E-026  2.27081E-025  1.00000E-040  1.00000E-040  1.00000E-040  1.00000E-040  3.04375E-014  3.00168E-032  5.49366E-031  1.27079E-028  1.37666E-021  1.94669E-019  6.06133E-029  2.70034E-029  1.13281E-023  1.61737E-022  1.36848E-018  2.41499E-022  1.00000E-040  1.00000E-040  8.79973E-018  8.64903E-039  1.64816E-028  2.75956E-031  4.87774E-024  4.64877E-035  1.72455E-025  2.63563E-027  1.00000E-040  4.14481E-016  1.00000E-040  1.00000E-040  5.09057E-020  9.32290E-035  3.85070E-024  6.42252E-036  5.06337E-012  1.00648E-033  1.00000E-003  1.00000E-005  1.00000E-005  1.00000E-005  1.00000E-005  1.00000E-005  1.00000E-005  1.00000E-005  1.00000E-005  1.00000E-005  1.00000E-005  1.00000E-005  1.00000E-005  1.00000E-005  1.00000E-005  1.00000E-005  
9.65000E+001  7.35859E-007  2.67123E+013  1.99526E+002  4.06996E+005  1.00000E-040  1.00000E-040  1.00000E-040  1.00000E-040  1.00000E-040  1.00000E-040  1.00000E-040  1.00000E-040  1.00000E-040  1.00000E-040  1.00000E-040  1.00000E-040  1.00000E-040  1.00000E-040  1.25134E-027  1.00000E-040  1.93556E-040  2.76208E-005  3.53224E-006  2.01470E-005  1.37278E-009  2.45813E-002  1.77122E-001  5.38011E-006  2.89112E-004  1.57104E-017  9.07501E-014  6.74707E-024  3.00239E-019  1.92576E-018  1.18126E-017  1.28415E-008  8.11519E-019  1.00000E-040  1.00000E-040  1.00000E-040  4.09784E-036  9.10654E-029  9.68267E-025  2.58166E-014  6.53637E-015  8.36650E-034  1.00000E-040  1.17907E-026  1.07196E-021  5.18354E-012  1.34415E-006  7.97949E-001  1.89097E-018  3.99123E-025  3.15296E-022  1.00000E-040  1.46020E-035  1.61029E-027  3.39601E-023  2.40150E-009  1.28029E-019  6.77027E-012  3.09181E-015  1.63352E-010  3.44640E-016  3.29842E-007  7.49825E-016  4.75046E-022  1.50467E-018  8.27430E-014  1.61296E-022  8.81448E-012  8.84086E-019  1.05687E-019  2.87208E-035  8.63802E-024  1.00000E-040  5.41977E-010  1.32670E-020  1.54205E-015  2.69355E-026  2.11593E-025  1.00000E-040  1.00000E-040  1.00000E-040  1.00000E-040  2.52509E-014  5.66698E-032  1.27372E-030  1.18399E-028  3.86038E-021  3.92348E-019  9.81266E-029  2.64225E-029  6.93745E-024  1.46530E-022  1.94799E-018  3.69405E-022  1.00000E-040  1.00000E-040  8.54600E-018  1.37526E-038  1.53582E-028  2.09657E-031  4.20860E-024  4.34967E-035  1.45136E-025  1.26940E-027  1.00000E-040  4.02133E-016  1.00000E-040  1.00000E-040  8.42911E-020  1.27319E-034  4.36092E-024  8.80934E-036  8.75400E-012  1.92377E-026  1.00000E-003  1.00000E-005  1.00000E-005  1.00000E-005  1.00000E-005  1.00000E-005  1.00000E-005  1.00000E-005  1.00000E-005  1.00000E-005  1.00000E-005  1.00000E-005  1.00000E-005  1.00000E-005  1.00000E-005  1.00000E-005  
9.75000E+001  6.26065E-007  2.27267E+013  1.99526E+002  4.06996E+005  1.00000E-040  1.00000E-040  1.00000E-040  1.00000E-040  1.00000E-040  1.00000E-040  1.00000E-040  1.00000E-040  1.00000E-040  1.00000E-040  1.00000E-040  1.00000E-040  1.00000E-040  1.00000E-040  1.25135E-027  1.00000E-040  2.08251E-040  2.90920E-005  3.53812E-006  1.88135E-005  1.09806E-009  2.90873E-002  1.73461E-001  6.03933E-006  2.79163E-004  2.64773E-017  1.40681E-013  1.94940E-023  7.94447E-019  4.32985E-018  1.78402E-017  1.27714E-008  9.61463E-019  1.00000E-040  1.00000E-040  1.00000E-040  2.73060E-036  4.36043E-029  6.05887E-025  2.55873E-014  5.31024E-015  1.91006E-033  1.00000E-040  1.14141E-026  6.21170E-021  5.89183E-012  1.95016E-006  7.97113E-001  2.07769E-018  3.49273E-025  2.77133E-022  1.77865E-040  6.74956E-035  5.35861E-027  7.55493E-023  2.15594E-009  8.70799E-020  5.02165E-012  2.99729E-015  1.53805E-010  1.44845E-016  2.97638E-007  5.72966E-016  3.09193E-022  1.12703E-018  7.01869E-014  6.76495E-023  7.74852E-012  7.99846E-019  1.09019E-019  2.54719E-035  4.48788E-024  1.00000E-040  5.17403E-010  1.22491E-020  1.39680E-015  2.92104E-026  2.06964E-025  1.00000E-040  1.00000E-040  1.00000E-040  1.00000E-040  2.07947E-014  1.43729E-031  4.14936E-030  1.15782E-028  1.73390E-020  1.03897E-018  2.09639E-028  2.62624E-029  4.34116E-024  1.41155E-022  3.42675E-018  6.84124E-022  1.00000E-040  1.00000E-040  8.27160E-018  3.11493E-038  1.50228E-028  1.65127E-031  3.72401E-024  5.56587E-035  1.54393E-025  6.09106E-028  1.00000E-040  3.88853E-016  1.00000E-040  1.00000E-040  1.89355E-019  2.84026E-034  4.91607E-024  1.20351E-035  1.83099E-011  3.05968E-020  1.00000E-003  1.00000E-005  1.00000E-005  1.00000E-005  1.00000E-005  1.00000E-005  1.00000E-005  1.00000E-005  1.00000E-005  1.00000E-005  1.00000E-005  1.00000E-005  1.00000E-005  1.00000E-005  1.00000E-005  1.00000E-005  
9.85000E+001  5.32869E-007  1.93436E+013  1.99526E+002  4.06996E+005  1.00000E-040  1.00000E-040  1.00000E-040  1.00000E-040  1.00000E-040  1.00000E-040  1.00000E-040  1.00000E-040  1.00000E-040  1.00000E-040  1.00000E-040  1.00000E-040  1.00000E-040  1.00000E-040  1.25117E-027  1.00000E-040  2.25273E-040  3.03424E-005  3.54518E-006  1.77640E-005  8.79416E-010  3.36935E-002  1.69722E-001  6.62466E-006  2.68670E-004  7.11876E-017  3.43348E-013  3.57131E-022  3.27146E-018  1.54543E-017  4.27849E-017  1.27356E-008  1.13054E-018  1.00000E-040  1.00000E-040  1.00000E-040  1.73089E-036  2.15756E-029  3.88299E-025  2.51373E-014  4.25214E-015  9.45940E-033  1.00000E-040  1.12451E-026  4.36138E-020  6.69357E-012  2.72545E-006  7.96255E-001  2.23603E-018  3.08161E-025  2.46850E-022  1.46183E-038  7.18729E-034  3.19830E-026  2.67877E-022  2.00526E-009  4.35042E-018  3.76581E-012  2.89657E-015  1.45209E-010  6.58089E-017  2.63786E-007  4.53734E-016  2.08597E-022  8.46959E-019  6.14351E-014  3.15756E-023  6.71177E-012  7.41470E-019  1.12745E-019  2.58112E-035  2.33472E-024  1.00000E-040  4.91463E-010  1.14264E-020  1.28128E-015  4.60900E-026  2.46755E-025  1.00000E-040  1.00000E-040  1.00000E-040  1.00000E-040  1.70028E-014  5.79681E-031  2.41759E-029  1.37946E-028  1.01085E-019  4.28181E-018  6.96255E-028  2.64640E-029  2.78224E-024  1.63160E-022  8.64374E-018  2.06114E-021  1.00000E-040  1.00000E-040  7.97827E-018  1.26756E-037  1.79118E-028  1.35096E-031  3.38375E-024  1.16150E-034  2.66275E-025  2.92918E-028  1.00000E-040  3.74787E-016  1.00000E-040  1.00000E-040  5.58411E-019  1.54372E-033  5.51492E-024  1.63820E-035  5.36204E-011  5.77036E-015  1.00000E-003  1.00000E-005  1.00000E-005  1.00000E-005  1.00000E-005  1.00000E-005  1.00000E-005  1.00000E-005  1.00000E-005  1.00000E-005  1.00000E-005  1.00000E-005  1.00000E-005  1.00000E-005  1.00000E-005  1.00000E-005  
9.95000E+001  4.53599E-007  1.64660E+013  1.99526E+002  4.06996E+005  1.00000E-040  1.00000E-040  1.00000E-040  1.00000E-040  1.00000E-040  1.00000E-040  1.00000E-040  1.00000E-040  1.00000E-040  1.00000E-040  1.00000E-040  1.00000E-040  1.00000E-040  1.00000E-040  1.25014E-027  1.00000E-040  2.45030E-040  3.12299E-005  3.55201E-006  1.71809E-005  7.21239E-010  3.78334E-002  1.66274E-001  7.02173E-006  2.57875E-004  2.75922E-016  1.24288E-012  8.57609E-018  1.57141E-017  6.62597E-017  1.57758E-016  1.28074E-008  1.31509E-018  1.00000E-040  1.00000E-040  1.00000E-040  1.04037E-036  1.15338E-029  2.58796E-025  2.44295E-014  3.41776E-015  4.62844E-029  1.00000E-040  1.14106E-026  2.75697E-019  7.67748E-012  3.69160E-006  7.95572E-001  2.90550E-016  2.82540E-025  2.32885E-022  1.18973E-033  1.65695E-032  2.67636E-025  1.15119E-021  3.23844E-009  1.06544E-013  2.87889E-012  2.79078E-015  1.37736E-010  3.67943E-017  2.28212E-007  6.23846E-016  2.44306E-022  6.64937E-019  5.59297E-014  1.88096E-023  5.72586E-012  7.05520E-019  1.15034E-019  1.67723E-035  1.27369E-024  1.27397E-040  4.64500E-010  1.08559E-020  1.20175E-015  1.21720E-025  4.68575E-025  6.04013E-040  1.00000E-040  1.00000E-040  1.00000E-040  1.37982E-014  2.78352E-030  2.17831E-028  2.62472E-028  5.55702E-019  2.05703E-017  2.69142E-027  2.80220E-029  1.85443E-024  2.92883E-022  3.28499E-017  2.18897E-018  1.01235E-032  1.00000E-040  7.66956E-018  7.40300E-037  3.40146E-028  1.15598E-031  3.15873E-024  3.10368E-034  7.29333E-025  1.48499E-028  1.00000E-040  3.60138E-016  1.00000E-040  1.00000E-040  1.48598E-018  1.60391E-032  6.15459E-024  2.20956E-035  2.27444E-010  1.78327E-010  1.00000E-003  1.00000E-005  1.00000E-005  1.00000E-005  1.00000E-005  1.00000E-005  1.00000E-005  1.00000E-005  1.00000E-005  1.00000E-005  1.00000E-005  1.00000E-005  1.00000E-005  1.00000E-005  1.00000E-005  1.00000E-005  
